,顏色,單價,成本,系列,產品,訂單時間,性別,年紀,廣告代號all,尺寸,訂單編號,去識別化會員編碼
0,white,780.0,370.0,系列5,產品5-3,2016-06-04T07:35:59,,,廣告_自然流量,XL,201714,L_CBY_02560
1,irontrigray,821.0,419.0,系列5,產品5-12,2016-06-04T07:35:59,,,廣告_自然流量,XL,201714,L_CBY_02560
2,tiffanygreen,494.0,291.0,系列5,產品5-15,2016-06-04T07:35:59,,,廣告_自然流量,110,201714,L_CBY_02560
3,white,780.0,370.0,系列215,產品215-3,2016-06-04T07:35:59,,,廣告_自然流量,S,201714,L_CBY_02560
4,white,780.0,370.0,系列110,產品110-3,2016-06-04T07:35:59,,,廣告_自然流量,XS,201714,L_CBY_02560
5,,164.0,135.0,系列52,產品52-35,2018-09-22T03:41:24,MALE,28.0,廣告_自然流量,無,476295,L_CBY_03273
6,irontrigray,776.0,443.0,系列92,產品92-12,2018-06-15T18:18:03,FEMALE,28.0,廣告_KDP_P,XL,442782,L_CBY_01733
7,white,656.0,393.0,系列106,產品106-12,2018-06-15T18:18:03,FEMALE,28.0,廣告_KDP_P,XL,442782,L_CBY_01733
8,,1281.0,872.0,系列103,產品103-41,2016-10-05T08:16:17,FEMALE,34.0,廣告_自然流量,mini 1/2/3,239613,L_CBY_03230
9,,327.0,219.0,系列8,產品8-35,2016-10-05T08:16:17,FEMALE,34.0,廣告_自然流量,無,239613,L_CBY_03230
10,gray,806.0,544.0,系列11,產品11-31,2018-11-06T05:28:14,FEMALE,34.0,廣告_GINEMP_P,M,493086,L_CBY_03230
11,tiffanygreen,492.0,291.0,系列93,產品93-15,2016-05-24T06:46:46,MALE,44.0,廣告_critei_critei,130,197613,L_CBY_01698
12,white,492.0,245.0,系列93,產品93-15,2016-05-24T06:46:46,MALE,44.0,廣告_critei_critei,130,197613,L_CBY_01698
13,tiffanygreen,530.0,291.0,系列507,產品507-15,2017-06-14T08:34:52,MALE,40.0,廣告_KDP_D,110,319023,L_CBY_04922
14,lemonyellow,530.0,291.0,系列507,產品507-15,2017-06-14T08:34:52,MALE,40.0,廣告_KDP_D,130,319023,L_CBY_04922
15,,971.0,439.0,系列2,產品2-111,2018-05-12T17:47:06,FEMALE,28.0,廣告_KDP_P,M,435027,L_CBY_02166
16,,971.0,423.0,系列2,產品2-101,2018-05-12T17:47:06,FEMALE,28.0,廣告_KDP_P,S,435027,L_CBY_02166
17,,444.0,211.0,系列592,產品592-38,2016-08-20T15:07:04,FEMALE,32.0,廣告_critei_critei,無,226650,L_CBY_00408
18,,444.0,211.0,系列592,產品592-38,2016-08-20T15:07:04,FEMALE,32.0,廣告_critei_critei,無,226650,L_CBY_00408
19,,1135.0,415.0,系列71,產品71-35,2019-03-27T04:25:49,MALE,36.0,廣告_KDP_D,無,545133,L_CBY_01141
20,,433.0,211.0,系列318,產品318-38,2016-06-20T13:41:04,FEMALE,34.0,廣告_自然流量,無,207630,L_CBY_00670
21,,433.0,211.0,系列318,產品318-38,2016-06-20T13:41:04,FEMALE,34.0,廣告_自然流量,無,207630,L_CBY_00670
22,,433.0,211.0,系列318,產品318-38,2016-06-20T13:41:04,FEMALE,34.0,廣告_自然流量,無,207630,L_CBY_00670
23,,477.0,311.0,系列8,產品8-35,2018-12-02T17:48:45,MALE,32.0,廣告_自然流量,無,504822,L_CBY_04864
24,creamywhitejeanblue,905.0,489.0,系列33,產品33-14,2016-10-06T14:24:45,MALE,30.0,廣告_自然流量,M,239970,L_CBY_00808
25,creamywhitejeanblue,905.0,489.0,系列33,產品33-11,2016-10-06T14:24:45,MALE,30.0,廣告_自然流量,S,239970,L_CBY_00808
26,babypink,893.0,419.0,系列33,產品33-12,2016-10-06T14:24:45,MALE,30.0,廣告_自然流量,M,239970,L_CBY_00808
27,irontrigray,893.0,419.0,系列9,產品9-12,2016-09-18T03:40:33,MALE,36.0,廣告_KDPOD_select,L,234966,L_CBY_03400
28,white,740.0,370.0,系列12,產品12-12,2016-09-18T03:40:33,MALE,36.0,廣告_KDPOD_select,L,234966,L_CBY_03400
29,jeanblue,893.0,454.0,系列12,產品12-12,2016-09-18T03:40:33,MALE,36.0,廣告_KDPOD_select,XXL,234966,L_CBY_03400
30,tiffanygreen,410.0,298.0,系列682,產品682-15,2018-08-08T17:25:35,MALE,44.0,廣告_自然流量,80,463107,L_CBY_00153
31,babypink,410.0,298.0,系列682,產品682-15,2018-08-08T17:25:35,MALE,44.0,廣告_自然流量,80,463107,L_CBY_00153
32,lemonyellow,410.0,298.0,系列682,產品682-15,2018-08-08T17:25:35,MALE,44.0,廣告_自然流量,80,463107,L_CBY_00153
33,white,410.0,250.0,系列682,產品682-15,2018-08-08T17:25:35,MALE,44.0,廣告_自然流量,80,463107,L_CBY_00153
34,white,410.0,250.0,系列378,產品378-15,2018-08-08T17:25:35,MALE,44.0,廣告_自然流量,80,463107,L_CBY_00153
35,white,410.0,250.0,系列378,產品378-15,2018-08-08T17:25:35,MALE,44.0,廣告_自然流量,80,463107,L_CBY_00153
36,white,410.0,250.0,系列378,產品378-15,2018-08-08T17:25:35,MALE,44.0,廣告_自然流量,80,463107,L_CBY_00153
37,hamred,410.0,298.0,系列378,產品378-15,2018-08-08T17:25:35,MALE,44.0,廣告_自然流量,80,463107,L_CBY_00153
38,tiffanygreen,410.0,298.0,系列378,產品378-15,2018-08-08T17:25:35,MALE,44.0,廣告_自然流量,80,463107,L_CBY_00153
39,hamred,410.0,298.0,系列1037,產品1037-15,2018-08-08T17:25:35,MALE,44.0,廣告_自然流量,80,463107,L_CBY_00153
40,lemonyellow,530.0,308.0,系列378,產品378-15,2019-06-26T16:48:35,MALE,44.0,廣告_自然流量,110,574038,L_CBY_00153
41,hamred,530.0,308.0,系列378,產品378-15,2019-06-26T16:48:35,MALE,44.0,廣告_自然流量,110,574038,L_CBY_00153
42,tiffanygreen,985.0,456.0,系列66,產品66-22,2017-02-27T06:05:48,,,廣告_KDP_P,M,275892,L_CBY_02006
43,creamywhitejeanblue,895.0,489.0,系列16,產品16-11,2017-02-27T06:05:48,,,廣告_KDP_P,S,275892,L_CBY_02006
44,gray,1135.0,719.0,系列21,產品21-7,2017-02-27T06:05:48,,,廣告_KDP_P,S,275892,L_CBY_02006
45,armygreen,952.0,479.0,系列70,產品70-30,2018-07-21T16:59:50,,,廣告_edmP_P,M,455193,L_CBY_02006
46,white,656.0,373.0,系列131,產品131-3,2018-07-21T16:59:50,,,廣告_edmP_P,S,455193,L_CBY_02006
47,white,656.0,375.0,系列57,產品57-29,2018-07-21T16:59:50,,,廣告_edmP_P,L,455193,L_CBY_02006
48,tiffanygreen,916.0,419.0,系列1,產品1-12,2016-08-03T03:37:08,MALE,36.0,廣告_KDPOD_select,L,221316,L_CBY_03069
49,gray,793.0,419.0,系列1,產品1-3,2016-08-03T03:37:08,MALE,36.0,廣告_KDPOD_select,S,221316,L_CBY_03069
50,,819.0,415.0,系列7,產品7-37,2016-04-05T14:55:40,FEMALE,36.0,廣告_自然流量,35cm,183624,L_CBY_00460
51,,1418.0,681.0,系列639,產品639-40,2016-04-05T14:55:40,FEMALE,36.0,廣告_自然流量,iPhone 6,183624,L_CBY_00460
52,,1275.0,646.0,系列528,產品528-39,2016-04-05T14:55:40,FEMALE,36.0,廣告_自然流量,iPhone 6,183624,L_CBY_00460
53,,689.0,299.0,系列7,產品7-16,2019-09-02T15:48:48,FEMALE,36.0,廣告_自然流量,無,591405,L_CBY_00460
54,,477.0,140.0,系列41,產品41-2,2019-09-02T15:48:48,FEMALE,36.0,廣告_自然流量,無,591405,L_CBY_00460
55,,776.0,831.0,系列587,產品587-47,2016-01-07T16:01:03,FEMALE,34.0,廣告_自然流量,無,162216,L_CBY_02071
56,,595.0,584.0,系列587,產品587-44,2016-01-07T16:01:03,FEMALE,34.0,廣告_自然流量,無,162216,L_CBY_02071
57,gray,1045.0,816.0,系列36,產品36-9,2016-01-21T15:13:51,FEMALE,34.0,廣告_自然流量,XS,165549,L_CBY_02071
58,black,1045.0,816.0,系列36,產品36-9,2016-01-21T15:13:51,FEMALE,34.0,廣告_自然流量,S,165549,L_CBY_02071
59,gray,910.0,416.0,系列7,產品7-12,2016-04-26T14:45:13,MALE,32.0,廣告_自然流量,M,189756,L_CBY_03407
60,navyblue,910.0,416.0,系列75,產品75-12,2016-04-26T14:45:13,MALE,32.0,廣告_自然流量,M,189756,L_CBY_03407
61,navyblue,910.0,419.0,系列44,產品44-3,2016-05-26T08:24:48,FEMALE,34.0,廣告_qdwit_pid,S,198528,L_CBY_04782
62,tiffanygreen,910.0,419.0,系列36,產品36-3,2016-05-26T08:24:48,FEMALE,34.0,廣告_qdwit_pid,S,198528,L_CBY_04782
63,white,788.0,380.0,系列55,產品55-3,2018-08-17T14:58:56,FEMALE,26.0,廣告_B2KP_P,M,466209,L_CBY_02351
64,gray,952.0,484.0,系列55,產品55-30,2018-08-17T14:58:56,FEMALE,26.0,廣告_B2KP_P,M,466209,L_CBY_02351
65,babypink,910.0,416.0,系列56,產品56-12,2016-04-19T02:19:18,MALE,36.0,廣告_自然流量,L,187407,L_CBY_02078
66,gray,910.0,416.0,系列50,產品50-12,2016-04-19T02:19:18,MALE,36.0,廣告_自然流量,L,187407,L_CBY_02078
67,navyblue,1105.0,443.0,系列57,產品57-12,2017-07-26T02:46:25,MALE,36.0,廣告_B2KP_D,S,336786,L_CBY_00926
68,jeanblue,821.0,426.0,系列57,產品57-12,2017-07-26T02:46:25,MALE,36.0,廣告_B2KP_D,S,336786,L_CBY_00926
69,gray,1300.0,424.0,系列24,產品24-29,2017-08-27T05:47:44,FEMALE,30.0,廣告_edmP_,M,350625,L_CBY_02134
70,tiffanygreen,1105.0,418.0,系列115,產品115-29,2017-06-09T16:30:00,FEMALE,1516.0,廣告_KDP_D,S,316905,L_CBY_03100
71,tiffanygreen,1105.0,418.0,系列115,產品115-29,2017-06-09T16:30:00,FEMALE,1516.0,廣告_KDP_D,XS,316905,L_CBY_03100
72,gray,985.0,456.0,系列229,產品229-22,2017-02-02T09:24:17,FEMALE,26.0,廣告_B2KPOD_qrtist,L,268584,L_CBY_01986
73,creamywhiteburgundy,985.0,498.0,系列88,產品88-11,2017-02-02T09:24:17,FEMALE,26.0,廣告_B2KPOD_qrtist,M,268584,L_CBY_01986
74,trigrayblack,985.0,470.0,系列21,產品21-11,2017-02-02T09:24:17,FEMALE,26.0,廣告_B2KPOD_qrtist,M,268584,L_CBY_01986
75,black,975.0,426.0,系列15,產品15-3,2018-03-17T13:55:03,FEMALE,28.0,廣告_KDP_D,S,413511,L_CBY_02448
76,gray,975.0,424.0,系列15,產品15-29,2018-03-17T13:55:03,FEMALE,28.0,廣告_KDP_D,S,413511,L_CBY_02448
77,navyblue,975.0,439.0,系列81,產品81-3,2018-03-17T13:55:03,FEMALE,28.0,廣告_KDP_D,S,413511,L_CBY_02448
78,white,780.0,373.0,系列114,產品114-3,2018-03-17T13:55:03,FEMALE,28.0,廣告_KDP_D,S,413511,L_CBY_02448
79,jeanblue,975.0,443.0,系列114,產品114-12,2018-03-17T13:55:03,FEMALE,28.0,廣告_KDP_D,2XL,413511,L_CBY_02448
80,,390.0,211.0,系列17,產品17-38,2016-01-18T16:17:31,FEMALE,30.0,廣告_critei_critei,無,164223,L_CBY_01722
81,,390.0,211.0,系列17,產品17-38,2016-01-18T16:17:31,FEMALE,30.0,廣告_critei_critei,無,164223,L_CBY_01722
82,,390.0,211.0,系列17,產品17-38,2016-01-18T16:17:31,FEMALE,30.0,廣告_critei_critei,無,164223,L_CBY_01722
83,,390.0,211.0,系列17,產品17-38,2016-01-18T16:17:31,FEMALE,30.0,廣告_critei_critei,無,164223,L_CBY_01722
84,white,768.0,367.0,系列9,產品9-18,2016-05-16T01:53:55,FEMALE,30.0,廣告_自然流量,S,194541,L_CBY_01722
85,lemonyellow,898.0,418.0,系列66,產品66-18,2016-05-16T01:53:55,FEMALE,30.0,廣告_自然流量,S,194541,L_CBY_01722
86,jeanblue,1028.0,426.0,系列11,產品11-12,2018-04-22T02:43:55,FEMALE,30.0,廣告_KDP_P,M,427668,L_CBY_01722
87,white,821.0,375.0,系列11,產品11-29,2018-04-22T02:43:55,FEMALE,30.0,廣告_KDP_P,S,427668,L_CBY_01722
88,white,788.0,380.0,系列55,產品55-3,2018-08-19T13:55:14,FEMALE,32.0,廣告_B2KP_D,S,466722,L_CBY_01837
89,irontrigray,985.0,433.0,系列55,產品55-12,2018-08-19T13:55:14,FEMALE,32.0,廣告_B2KP_D,L,466722,L_CBY_01837
90,,1777.0,905.0,系列2,產品2-35,2018-02-27T07:57:21,FEMALE,26.0,廣告_自然流量,無,409845,L_CBY_02943
91,,492.0,248.0,系列93,產品93-26,2017-01-11T03:15:00,FEMALE,44.0,廣告_自然流量,無,263484,L_CBY_01932
92,tiffanygreen,795.0,419.0,系列12,產品12-12,2017-01-20T15:10:12,MALE,32.0,廣告_KDPOD_select,XXL,265353,L_CBY_01592
93,navyblue,897.0,419.0,系列12,產品12-12,2017-01-20T15:10:12,MALE,32.0,廣告_KDPOD_select,XXL,265353,L_CBY_01592
94,gray,795.0,419.0,系列6,產品6-12,2017-01-20T15:10:12,MALE,32.0,廣告_KDPOD_select,XXL,265353,L_CBY_01592
95,irontrigray,795.0,419.0,系列6,產品6-12,2017-01-20T15:10:12,MALE,32.0,廣告_KDPOD_select,XXL,265353,L_CBY_01592
96,gray,1300.0,719.0,系列21,產品21-13,2017-01-20T15:10:12,MALE,32.0,廣告_KDPOD_select,XL,265353,L_CBY_01592
97,,1382.0,725.0,系列193,產品193-40,2016-01-12T13:11:37,MALE,34.0,廣告_自然流量,iPhone 6+,163059,L_CBY_04863
98,creamywhite,1012.0,785.0,系列17,產品17-6,2016-02-19T05:15:43,FEMALE,32.0,廣告_自然流量,XS,173388,L_CBY_01293
99,creamywhite,887.0,676.0,系列326,產品326-7,2016-02-19T05:15:43,FEMALE,32.0,廣告_自然流量,XS,173388,L_CBY_01293
100,red,821.0,419.0,系列5,產品5-3,2017-05-05T16:43:33,FEMALE,34.0,廣告_B2KP_D,L,300516,L_CBY_01238
101,irontrigray,821.0,419.0,系列5,產品5-3,2017-05-05T16:43:33,FEMALE,34.0,廣告_B2KP_D,L,300516,L_CBY_01238
102,,492.0,263.0,系列17,產品17-27,2017-05-05T16:43:33,FEMALE,34.0,廣告_B2KP_D,無,300516,L_CBY_01238
103,,1212.0,597.0,系列536,產品536-5,2017-05-05T16:43:33,FEMALE,34.0,廣告_B2KP_D,無,300516,L_CBY_01238
104,gray,821.0,426.0,系列5,產品5-3,2018-05-24T13:45:34,FEMALE,34.0,廣告_自然流量,M,438441,L_CBY_01238
105,navyblue,821.0,439.0,系列17,產品17-3,2018-05-24T13:45:34,FEMALE,34.0,廣告_自然流量,M,438441,L_CBY_01238
106,,428.0,137.0,系列351,產品351-2,2018-05-24T13:45:34,FEMALE,34.0,廣告_自然流量,無,438441,L_CBY_01238
107,black,790.0,424.0,系列17,產品17-29,2018-11-10T06:36:29,FEMALE,34.0,廣告_自然流量,L,494085,L_CBY_01238
108,red,790.0,424.0,系列17,產品17-29,2018-11-10T06:36:29,FEMALE,34.0,廣告_自然流量,L,494085,L_CBY_01238
109,black,790.0,424.0,系列17,產品17-29,2019-03-12T16:16:28,FEMALE,34.0,廣告_自然流量,L,541167,L_CBY_01238
110,navyblue,790.0,424.0,系列17,產品17-29,2019-03-12T16:16:28,FEMALE,34.0,廣告_自然流量,L,541167,L_CBY_01238
111,lemonyellow,790.0,433.0,系列120,產品120-29,2019-03-12T16:16:28,FEMALE,34.0,廣告_自然流量,L,541167,L_CBY_01238
112,tiffanygreen,393.0,308.0,系列63,產品63-15,2019-03-12T16:16:28,FEMALE,34.0,廣告_自然流量,130,541167,L_CBY_01238
113,,1150.0,962.0,系列8,產品8-35,2019-10-04T06:32:40,FEMALE,34.0,廣告_自然流量,無,625632,L_CBY_01238
114,lemonyellow,893.0,419.0,系列9,產品9-12,2016-09-18T09:46:45,FEMALE,34.0,廣告_自然流量,L,235053,L_CBY_01230
115,white,740.0,370.0,系列9,產品9-3,2016-09-18T09:46:45,FEMALE,34.0,廣告_自然流量,L,235053,L_CBY_01230
116,lemonyellow,893.0,419.0,系列97,產品97-3,2016-09-18T09:46:45,FEMALE,34.0,廣告_自然流量,L,235053,L_CBY_01230
117,watermelonred,893.0,419.0,系列64,產品64-3,2016-09-18T09:46:45,FEMALE,34.0,廣告_自然流量,L,235053,L_CBY_01230
118,navyblue,893.0,419.0,系列255,產品255-3,2016-09-18T09:46:45,FEMALE,34.0,廣告_自然流量,S,235053,L_CBY_01230
119,gray,793.0,419.0,系列12,產品12-12,2016-09-18T09:46:45,FEMALE,34.0,廣告_自然流量,L,235053,L_CBY_01230
120,white,740.0,370.0,系列89,產品89-12,2016-09-18T09:46:45,FEMALE,34.0,廣告_自然流量,L,235053,L_CBY_01230
121,white,788.0,373.0,系列55,產品55-3,2018-08-13T06:19:57,FEMALE,26.0,廣告_KDP_D,S,464388,L_CBY_02039
122,gray,985.0,426.0,系列55,產品55-3,2018-08-13T06:19:57,FEMALE,26.0,廣告_KDP_D,S,464388,L_CBY_02039
123,irontrigray,985.0,426.0,系列55,產品55-3,2018-08-13T06:19:57,FEMALE,26.0,廣告_KDP_D,M,464388,L_CBY_02039
124,gray,901.0,484.0,系列55,產品55-30,2018-09-21T12:27:01,FEMALE,26.0,廣告_自然流量,M,476085,L_CBY_02039
125,irontrigray,985.0,433.0,系列55,產品55-29,2018-09-21T12:27:01,FEMALE,26.0,廣告_自然流量,M,476085,L_CBY_02039
126,white,821.0,383.0,系列55,產品55-29,2018-09-21T12:27:01,FEMALE,26.0,廣告_自然流量,S,476085,L_CBY_02039
127,,967.0,423.0,系列55,產品55-129,2019-08-15T13:24:39,FEMALE,26.0,廣告_自然流量,S,587457,L_CBY_02039
128,irontrigray,985.0,433.0,系列55,產品55-18,2018-08-17T13:14:55,FEMALE,28.0,廣告_自然流量,S,466137,L_CBY_03245
129,white,788.0,380.0,系列55,產品55-3,2018-08-17T13:14:55,FEMALE,28.0,廣告_自然流量,XS,466137,L_CBY_03245
130,,1135.0,400.0,系列3,產品3-99,2019-08-15T12:05:19,FEMALE,28.0,廣告_B2KDG_MP,M,587439,L_CBY_03245
131,,1135.0,423.0,系列55,產品55-129,2019-08-15T12:05:19,FEMALE,28.0,廣告_B2KDG_MP,S,587439,L_CBY_03245
132,,1300.0,776.0,系列32,產品32-162,2019-03-20T18:53:05,MALE,30.0,廣告_KDMP_D,M,543810,L_CBY_04613
133,irontrigray,985.0,433.0,系列49,產品49-12,2019-08-25T10:09:27,MALE,36.0,廣告_自然流量,L,589749,L_CBY_01130
134,gray,985.0,433.0,系列233,產品233-12,2019-08-25T10:09:27,MALE,36.0,廣告_自然流量,L,589749,L_CBY_01130
135,jeanblue,985.0,433.0,系列92,產品92-12,2019-08-25T10:09:27,MALE,36.0,廣告_自然流量,L,589749,L_CBY_01130
136,gray,821.0,418.0,系列93,產品93-18,2016-07-04T12:37:01,FEMALE,44.0,廣告_自然流量,XS,211665,L_CBY_03683
137,,1064.0,538.0,系列93,產品93-37,2016-07-04T12:37:01,FEMALE,44.0,廣告_自然流量,45cm,211665,L_CBY_03683
138,gray,656.0,548.0,系列5,產品5-10,2017-01-25T05:09:37,FEMALE,44.0,廣告_KDPOD_select,110,266235,L_CBY_03683
139,gray,740.0,548.0,系列5,產品5-10,2017-01-25T05:09:37,FEMALE,44.0,廣告_KDPOD_select,90,266235,L_CBY_03683
140,gray,1300.0,719.0,系列5,產品5-7,2017-01-25T05:09:37,FEMALE,44.0,廣告_KDPOD_select,M,266235,L_CBY_03683
141,gray,1300.0,719.0,系列5,產品5-13,2017-01-25T05:09:37,FEMALE,44.0,廣告_KDPOD_select,L,266235,L_CBY_03683
142,white,410.0,250.0,系列46,產品46-15,2018-05-19T15:43:49,FEMALE,46.0,廣告_edmP_P,130,437160,L_CBY_03834
143,,971.0,337.0,系列2,產品2-101,2018-05-19T15:43:49,FEMALE,46.0,廣告_edmP_P,S,437160,L_CBY_03834
144,,642.0,416.0,系列8,產品8-35,2019-11-12T10:50:58,,,廣告_IGDG_P,無,634656,L_CBY_04579
145,white,656.0,370.0,系列1,產品1-3,2016-07-28T04:27:58,FEMALE,28.0,廣告_KDPOD_select,M,219117,L_CBY_02978
146,white,656.0,370.0,系列1,產品1-3,2016-07-28T04:27:58,FEMALE,28.0,廣告_KDPOD_select,M,219117,L_CBY_02978
147,,1464.0,518.0,系列11,產品11-36,2017-10-11T02:28:30,FEMALE,28.0,廣告_edmP_D,無,372270,L_CBY_02978
148,white,821.0,373.0,系列1,產品1-12,2018-01-25T13:17:54,FEMALE,28.0,廣告_B2KP_D,M,397686,L_CBY_02978
149,navyblue,1028.0,439.0,系列1,產品1-12,2018-01-25T13:17:54,FEMALE,28.0,廣告_B2KP_D,M,397686,L_CBY_02978
150,,740.0,438.0,系列27,產品27-35,2019-05-25T13:59:03,FEMALE,36.0,廣告_B2KDG_MP,無,564312,L_CBY_03873
151,creamywhite,821.0,610.0,系列8,產品8-86,2017-12-21T11:48:50,MALE,34.0,廣告_KDP_D,L,390993,L_CBY_00653
152,irontrigray,1135.0,824.0,系列8,產品8-85,2017-12-21T11:48:50,MALE,34.0,廣告_KDP_D,L,390993,L_CBY_00653
153,,971.0,632.0,系列25,產品25-36,2018-03-27T13:05:23,MALE,34.0,廣告_KDP_D,無,416694,L_CBY_00653
154,white,740.0,370.0,系列67,產品67-3,2016-09-17T14:40:04,,,廣告_KDPOD_select,XS,234777,L_CBY_01567
155,navyblue,893.0,419.0,系列33,產品33-12,2016-09-17T14:40:04,,,廣告_KDPOD_select,L,234777,L_CBY_01567
156,watermelonred,684.0,418.0,系列33,產品33-18,2016-09-17T14:40:04,,,廣告_KDPOD_select,XS,234777,L_CBY_01567
157,white,985.0,383.0,系列55,產品55-12,2018-09-21T02:25:22,FEMALE,28.0,廣告_KDP_D,M,475944,L_CBY_00195
158,white,985.0,383.0,系列55,產品55-3,2018-09-21T02:25:22,FEMALE,28.0,廣告_KDP_D,M,475944,L_CBY_00195
159,white,985.0,383.0,系列55,產品55-3,2018-09-21T02:25:22,FEMALE,28.0,廣告_KDP_D,M,475944,L_CBY_00195
160,white,985.0,383.0,系列55,產品55-12,2018-09-21T02:25:22,FEMALE,28.0,廣告_KDP_D,M,475944,L_CBY_00195
161,white,821.0,383.0,系列55,產品55-29,2018-09-21T02:25:22,FEMALE,28.0,廣告_KDP_D,M,475944,L_CBY_00195
162,lemonyellow,492.0,298.0,系列5,產品5-15,2017-08-29T15:43:30,MALE,40.0,廣告_自然流量,90,351825,L_CBY_04670
163,babypink,492.0,298.0,系列5,產品5-15,2017-08-29T15:43:30,MALE,40.0,廣告_自然流量,130,351825,L_CBY_04670
164,navyblue,492.0,298.0,系列5,產品5-15,2017-08-29T15:43:30,MALE,40.0,廣告_自然流量,110,351825,L_CBY_04670
165,white,821.0,424.0,系列5,產品5-30,2017-08-29T15:43:30,MALE,40.0,廣告_自然流量,F,351825,L_CBY_04670
166,jeanblue,1028.0,426.0,系列5,產品5-12,2017-08-29T15:43:30,MALE,40.0,廣告_自然流量,M,351825,L_CBY_04670
167,,806.0,806.0,系列8,產品8-77,2016-03-12T00:41:20,FEMALE,32.0,廣告_qdwit_pid,無,178077,L_CBY_02441
168,white,768.0,367.0,系列9,產品9-18,2016-05-14T09:18:42,FEMALE,32.0,廣告_qdwit_pid,XS,194106,L_CBY_02441
169,white,780.0,370.0,系列179,產品179-3,2016-05-14T09:18:42,FEMALE,32.0,廣告_qdwit_pid,XS,194106,L_CBY_02441
170,,1300.0,916.0,系列8,產品8-36,2016-12-16T16:05:28,FEMALE,38.0,廣告_KDMK_priduct,無,256563,L_CBY_01702
171,,492.0,313.0,系列22,產品22-16,2016-12-16T16:05:28,FEMALE,38.0,廣告_KDMK_priduct,無,256563,L_CBY_01702
172,,296.0,194.0,系列8,產品8-35,2016-09-01T13:08:47,FEMALE,34.0,廣告_KDMK_priduct,無,229785,L_CBY_02498
173,irontrigray,898.0,418.0,系列17,產品17-18,2016-05-08T06:27:33,,,廣告_qdwit_pid,M,192423,L_CBY_00157
174,black,898.0,418.0,系列17,產品17-18,2016-05-08T06:27:33,,,廣告_qdwit_pid,M,192423,L_CBY_00157
175,babypink,898.0,418.0,系列17,產品17-18,2016-05-08T06:27:33,,,廣告_qdwit_pid,M,192423,L_CBY_00157
176,white,780.0,370.0,系列74,產品74-3,2016-05-08T06:27:33,,,廣告_qdwit_pid,S,192423,L_CBY_00157
177,navyblue,910.0,419.0,系列74,產品74-3,2016-05-08T06:27:33,,,廣告_qdwit_pid,S,192423,L_CBY_00157
178,irontrigray,910.0,419.0,系列74,產品74-3,2016-05-08T06:27:33,,,廣告_qdwit_pid,S,192423,L_CBY_00157
179,navyblue,656.0,419.0,系列9,產品9-3,2016-07-19T00:08:29,FEMALE,32.0,廣告_自然流量,L,215106,L_CBY_01757
180,navyblue,842.0,418.0,系列9,產品9-18,2016-07-19T00:08:29,FEMALE,32.0,廣告_自然流量,L,215106,L_CBY_01757
181,babypink,684.0,418.0,系列17,產品17-18,2016-10-07T02:01:04,FEMALE,32.0,廣告_critei_critei,L,240084,L_CBY_01757
182,babyblue,684.0,418.0,系列41,產品41-18,2016-10-07T02:01:04,FEMALE,32.0,廣告_critei_critei,L,240084,L_CBY_01757
183,tiffanygreen,788.0,456.0,系列51,產品51-22,2017-03-08T02:07:56,FEMALE,32.0,廣告_edmP_D,L,278238,L_CBY_01757
184,hamred,788.0,456.0,系列63,產品63-22,2017-03-08T02:07:56,FEMALE,32.0,廣告_edmP_D,L,278238,L_CBY_01757
185,black,985.0,494.0,系列63,產品63-23,2017-03-08T02:07:56,FEMALE,32.0,廣告_edmP_D,L,278238,L_CBY_01757
186,gray,821.0,494.0,系列63,產品63-23,2017-04-09T14:55:14,FEMALE,32.0,廣告_自然流量,L,290961,L_CBY_01757
187,tiffanygreen,821.0,494.0,系列63,產品63-23,2017-04-09T14:55:14,FEMALE,32.0,廣告_自然流量,M,290961,L_CBY_01757
188,navyblue,821.0,418.0,系列37,產品37-18,2017-08-28T09:20:57,FEMALE,32.0,廣告_critei_critei,L,351273,L_CBY_01757
189,lemonyellow,1028.0,426.0,系列245,產品245-12,2017-08-28T09:20:57,FEMALE,32.0,廣告_critei_critei,L,351273,L_CBY_01757
190,lemonyellow,821.0,424.0,系列245,產品245-18,2017-08-28T09:20:57,FEMALE,32.0,廣告_critei_critei,M,351273,L_CBY_01757
191,babypink,793.0,419.0,系列59,產品59-3,2016-10-05T05:18:59,MALE,30.0,廣告_自然流量,S,239580,L_CBY_04390
192,milkwhite,859.0,403.0,系列59,產品59-17,2016-10-05T05:18:59,MALE,30.0,廣告_自然流量,F,239580,L_CBY_04390
193,black,910.0,434.0,系列5,產品5-17,2016-04-19T03:44:56,FEMALE,,廣告_critei_critei,F,187434,L_CBY_04322
194,,482.0,222.0,系列98,產品98-2,2016-04-19T03:44:56,FEMALE,,廣告_critei_critei,無,187434,L_CBY_04322
195,,576.0,263.0,系列5,產品5-27,2017-08-31T08:49:54,FEMALE,,廣告_edmP_,無,352767,L_CBY_04322
196,gray,821.0,424.0,系列88,產品88-18,2017-08-31T08:49:54,FEMALE,,廣告_edmP_,S,352767,L_CBY_04322
197,navyblue,821.0,424.0,系列79,產品79-18,2017-09-29T07:56:28,FEMALE,,廣告_edmP_,XS,366627,L_CBY_04322
198,hamred,821.0,424.0,系列88,產品88-29,2017-09-29T07:56:28,FEMALE,,廣告_edmP_,S,366627,L_CBY_04322
199,,492.0,294.0,系列3,產品3-35,2019-05-02T03:30:12,FEMALE,,廣告_edmMK_D,無,557721,L_CBY_04322
200,black,1250.0,765.0,系列21,產品21-25,2017-02-07T03:26:25,,,廣告_B2KPOD_qrtist,XL,270135,L_CBY_00550
201,white,740.0,370.0,系列21,產品21-3,2017-02-07T03:26:25,,,廣告_B2KPOD_qrtist,S,270135,L_CBY_00550
202,white,740.0,370.0,系列21,產品21-12,2017-02-07T03:26:25,,,廣告_B2KPOD_qrtist,M,270135,L_CBY_00550
203,babyblue,897.0,419.0,系列21,產品21-12,2017-02-07T03:26:25,,,廣告_B2KPOD_qrtist,XL,270135,L_CBY_00550
204,gray,821.0,426.0,系列27,產品27-12,2017-07-23T06:41:41,MALE,32.0,廣告_B2KP_D,L,335592,L_CBY_04073
205,black,1105.0,426.0,系列27,產品27-12,2017-07-23T06:41:41,MALE,32.0,廣告_B2KP_D,L,335592,L_CBY_04073
206,black,1045.0,816.0,系列34,產品34-6,2016-01-18T16:26:50,FEMALE,46.0,廣告_自然流量,S,164226,L_CBY_03968
207,creamywhite,1012.0,785.0,系列34,產品34-6,2016-01-18T16:26:50,FEMALE,46.0,廣告_自然流量,S,164226,L_CBY_03968
208,,612.0,337.0,系列34,產品34-4,2016-01-18T16:26:50,FEMALE,46.0,廣告_自然流量,無,164226,L_CBY_03968
209,black,1105.0,436.0,系列12,產品12-12,2017-03-27T15:44:47,FEMALE,26.0,廣告_KDPOD_select,XXL,284691,L_CBY_00697
210,black,821.0,436.0,系列6,產品6-12,2017-03-27T15:44:47,FEMALE,26.0,廣告_KDPOD_select,XXL,284691,L_CBY_00697
211,white,780.0,367.0,系列37,產品37-18,2016-06-19T09:46:14,FEMALE,28.0,廣告_自然流量,M,207276,L_CBY_04814
212,babypink,865.0,418.0,系列364,產品364-18,2016-06-19T09:46:14,FEMALE,28.0,廣告_自然流量,M,207276,L_CBY_04814
213,olive,1150.0,541.0,系列7,產品7-31,2017-10-22T12:17:34,FEMALE,28.0,廣告_edmP_D,M,375249,L_CBY_04814
214,irontrigrayblack,1202.0,459.0,系列63,產品63-14,2017-10-22T12:17:34,FEMALE,28.0,廣告_edmP_D,XL,375249,L_CBY_04814
215,babypink,684.0,418.0,系列17,產品17-18,2016-09-13T14:25:52,FEMALE,30.0,廣告_自然流量,S,233100,L_CBY_04998
216,white,568.0,367.0,系列147,產品147-18,2016-09-13T14:25:52,FEMALE,30.0,廣告_自然流量,S,233100,L_CBY_04998
217,,429.0,184.0,系列347,產品347-38,2017-11-16T15:19:46,FEMALE,32.0,廣告_KDP_D,無,381168,L_CBY_01306
218,black,910.0,416.0,系列119,產品119-12,2016-04-06T04:10:57,FEMALE,30.0,廣告_ikip_pid,L,183726,L_CBY_03960
219,gray,910.0,416.0,系列74,產品74-3,2016-04-06T04:10:57,FEMALE,30.0,廣告_ikip_pid,M,183726,L_CBY_03960
220,white,780.0,367.0,系列9,產品9-3,2016-04-25T08:01:07,FEMALE,30.0,廣告_自然流量,M,189363,L_CBY_03960
221,gray,910.0,416.0,系列9,產品9-12,2016-04-25T08:01:07,FEMALE,30.0,廣告_自然流量,L,189363,L_CBY_03960
222,white,780.0,367.0,系列376,產品376-3,2016-04-25T08:01:07,FEMALE,30.0,廣告_自然流量,M,189363,L_CBY_03960
223,,1245.0,581.0,系列443,產品443-37,2016-04-04T12:14:36,FEMALE,30.0,廣告_qdwit_pid,45cm,183345,L_CBY_02187
224,,1420.0,646.0,系列7,產品7-39,2016-04-24T13:52:55,FEMALE,30.0,廣告_critei_critei,iPhone 6,189138,L_CBY_02187
225,,492.0,248.0,系列17,產品17-26,2016-09-16T03:56:32,FEMALE,30.0,廣告_自然流量,無,234048,L_CBY_02187
226,,492.0,248.0,系列17,產品17-26,2016-09-16T03:56:32,FEMALE,30.0,廣告_自然流量,無,234048,L_CBY_02187
227,white,821.0,370.0,系列161,產品161-3,2017-06-16T02:10:18,FEMALE,30.0,廣告_自然流量,L,319773,L_CBY_02187
228,jeanblue,1028.0,419.0,系列161,產品161-3,2017-06-16T02:10:18,FEMALE,30.0,廣告_自然流量,XS,319773,L_CBY_02187
229,white,821.0,370.0,系列161,產品161-12,2017-06-16T02:10:18,FEMALE,30.0,廣告_自然流量,L,319773,L_CBY_02187
230,irontrigray,1028.0,436.0,系列161,產品161-12,2017-06-16T02:10:18,FEMALE,30.0,廣告_自然流量,3XL,319773,L_CBY_02187
231,eggyellow,1028.0,436.0,系列161,產品161-12,2017-06-16T02:10:18,FEMALE,30.0,廣告_自然流量,XL,319773,L_CBY_02187
232,armygreen,1028.0,444.0,系列161,產品161-12,2017-06-16T02:10:18,FEMALE,30.0,廣告_自然流量,2XL,319773,L_CBY_02187
233,jeanblue,1028.0,436.0,系列161,產品161-12,2017-06-16T02:10:18,FEMALE,30.0,廣告_自然流量,XL,319773,L_CBY_02187
234,jeanblue,1028.0,419.0,系列161,產品161-12,2017-06-16T02:10:18,FEMALE,30.0,廣告_自然流量,XS,319773,L_CBY_02187
235,gray,1028.0,418.0,系列161,產品161-29,2017-06-16T02:10:18,FEMALE,30.0,廣告_自然流量,S,319773,L_CBY_02187
236,irontrigray,897.0,419.0,系列117,產品117-12,2017-01-08T08:00:53,FEMALE,30.0,廣告_KDPOD_select,M,262776,L_CBY_00812
237,irontrigray,897.0,419.0,系列117,產品117-12,2017-01-08T08:00:53,FEMALE,30.0,廣告_KDPOD_select,M,262776,L_CBY_00812
238,,954.0,518.0,系列861,產品861-42,2016-01-01T08:25:05,FEMALE,28.0,廣告_自然流量,iPhone 5/5S,160875,L_CBY_01101
239,white,806.0,421.0,系列27,產品27-30,2018-03-28T08:49:55,FEMALE,26.0,廣告_KDP_P,L,416946,L_CBY_02986
240,,1448.0,905.0,系列2,產品2-35,2018-03-28T08:49:55,FEMALE,26.0,廣告_KDP_P,無,416946,L_CBY_02986
241,,1150.0,790.0,系列2,產品2-35,2018-03-28T08:49:55,FEMALE,26.0,廣告_KDP_P,無,416946,L_CBY_02986
242,irontrigray,898.0,416.0,系列10,產品10-18,2016-04-10T15:56:34,FEMALE,38.0,廣告_qdwit_pid,L,184914,L_CBY_03670
243,tiffanygreen,898.0,416.0,系列5,產品5-18,2016-04-10T15:56:34,FEMALE,38.0,廣告_qdwit_pid,L,184914,L_CBY_03670
244,babypink,910.0,434.0,系列68,產品68-17,2016-04-19T03:08:30,FEMALE,38.0,廣告_自然流量,F,187422,L_CBY_03670
245,black,910.0,434.0,系列352,產品352-17,2016-04-19T03:08:30,FEMALE,38.0,廣告_自然流量,F,187422,L_CBY_03670
246,summerblue,985.0,345.0,系列10,產品10-19,2016-05-14T10:50:49,FEMALE,38.0,廣告_自然流量,F,194121,L_CBY_03670
247,,164.0,41.0,系列30,產品30-35,2016-12-28T13:17:56,FEMALE,38.0,廣告_B2KMK_redecvelipe,無,259944,L_CBY_03670
248,trigrayblack,985.0,470.0,系列70,產品70-11,2017-01-04T14:02:48,FEMALE,38.0,廣告_critei_critei,L,262044,L_CBY_03670
249,creamywhiteburgundy,985.0,498.0,系列26,產品26-14,2017-01-04T14:02:48,FEMALE,38.0,廣告_critei_critei,L,262044,L_CBY_03670
250,,477.0,202.0,系列91,產品91-36,2019-04-25T03:46:06,FEMALE,38.0,廣告_自然流量,無,554451,L_CBY_03670
251,white,821.0,423.0,系列5,產品5-22,2017-01-01T12:49:56,FEMALE,36.0,廣告_自然流量,M,261351,L_CBY_03329
252,black,987.0,456.0,系列44,產品44-22,2017-01-01T12:49:56,FEMALE,36.0,廣告_自然流量,M,261351,L_CBY_03329
253,,1281.0,872.0,系列17,產品17-41,2016-09-11T10:52:55,FEMALE,28.0,廣告_自然流量,mini 1/2/3,232506,L_CBY_02666
254,,1398.0,916.0,系列269,產品269-46,2016-09-11T10:52:55,FEMALE,28.0,廣告_自然流量,iPad Air 2,232506,L_CBY_02666
255,trigrayblack,961.0,470.0,系列521,產品521-14,2016-09-11T10:52:55,FEMALE,28.0,廣告_自然流量,L,232506,L_CBY_02666
256,,1480.0,1036.0,系列8,產品8-36,2018-08-02T13:43:04,FEMALE,28.0,廣告_KDMK_D,無,460875,L_CBY_03634
257,gray,1300.0,719.0,系列63,產品63-13,2016-12-27T05:06:51,FEMALE,30.0,廣告_自然流量,S,258969,L_CBY_00719
258,navyblue,985.0,433.0,系列14,產品14-12,2018-09-29T07:28:53,FEMALE,32.0,廣告_自然流量,L,478143,L_CBY_04103
259,,985.0,383.0,系列14,產品14-132,2018-09-29T07:28:53,FEMALE,32.0,廣告_自然流量,L,478143,L_CBY_04103
260,,1479.0,887.0,系列1,產品1-35,2019-07-26T16:02:22,MALE,28.0,廣告_自然流量,無,582048,L_CBY_01580
261,creamywhite,1135.0,610.0,系列27,產品27-7,2018-03-07T08:55:49,FEMALE,30.0,廣告_critei_critei,XL,411795,L_CBY_01460
262,,230.0,150.0,系列52,產品52-35,2018-03-07T08:55:49,FEMALE,30.0,廣告_critei_critei,無,411795,L_CBY_01460
263,,1464.0,696.0,系列1,產品1-61,2019-02-18T05:43:43,FEMALE,30.0,廣告_KDMK_D,XL,534270,L_CBY_01460
264,,461.0,322.0,系列2,產品2-35,2019-04-03T13:34:56,FEMALE,30.0,廣告_KDMP_D,無,546786,L_CBY_01460
265,,1464.0,569.0,系列2,產品2-119,2019-04-03T13:34:56,FEMALE,30.0,廣告_KDMP_D,F,546786,L_CBY_01460
266,,247.0,71.0,系列14,產品14-35,2019-04-03T13:34:56,FEMALE,30.0,廣告_KDMP_D,無,546786,L_CBY_01460
267,skyblue,975.0,424.0,系列17,產品17-29,2018-03-17T09:04:25,FEMALE,38.0,廣告_自然流量,L,413469,L_CBY_01775
268,gray,1135.0,661.0,系列56,產品56-7,2018-03-17T09:04:25,FEMALE,38.0,廣告_自然流量,L,413469,L_CBY_01775
269,gray,1135.0,661.0,系列2,產品2-7,2018-03-17T09:04:25,FEMALE,38.0,廣告_自然流量,M,413469,L_CBY_01775
270,babypink,975.0,424.0,系列2,產品2-29,2018-03-17T09:04:25,FEMALE,38.0,廣告_自然流量,L,413469,L_CBY_01775
271,skyblue,975.0,424.0,系列2,產品2-29,2018-03-17T09:04:25,FEMALE,38.0,廣告_自然流量,L,413469,L_CBY_01775
272,navyblue,975.0,439.0,系列2,產品2-3,2018-03-17T09:04:25,FEMALE,38.0,廣告_自然流量,M,413469,L_CBY_01775
273,navyblue,1028.0,459.0,系列56,產品56-12,2018-04-17T12:56:32,FEMALE,38.0,廣告_自然流量,3XL,426363,L_CBY_01775
274,navyblue,821.0,431.0,系列56,產品56-29,2018-04-17T12:56:32,FEMALE,38.0,廣告_自然流量,L,426363,L_CBY_01775
275,,1448.0,905.0,系列2,產品2-35,2018-04-17T12:56:32,FEMALE,38.0,廣告_自然流量,無,426363,L_CBY_01775
276,white,479.0,245.0,系列10,產品10-15,2016-08-12T06:21:20,,,廣告_KDPOD_select,130,224154,L_CBY_00328
277,lightgray,859.0,434.0,系列10,產品10-17,2016-08-12T06:21:20,,,廣告_KDPOD_select,F,224154,L_CBY_00328
278,gray,793.0,419.0,系列10,產品10-12,2016-08-12T06:21:20,,,廣告_KDPOD_select,XL,224154,L_CBY_00328
279,babypink,494.0,350.0,系列10,產品10-20,2016-08-12T06:21:20,,,廣告_KDPOD_select,130,224154,L_CBY_00328
280,babypink,494.0,350.0,系列10,產品10-20,2016-08-12T06:21:20,,,廣告_KDPOD_select,110,224154,L_CBY_00328
281,white,985.0,383.0,系列2,產品2-3,2018-10-01T03:23:51,FEMALE,30.0,廣告_critei_critei,M,479025,L_CBY_04878
282,babypink,985.0,433.0,系列2,產品2-29,2018-10-01T03:23:51,FEMALE,30.0,廣告_critei_critei,L,479025,L_CBY_04878
283,,740.0,395.0,系列25,產品25-35,2018-12-17T14:08:32,FEMALE,38.0,廣告_KDMK_P,無,513660,L_CBY_04189
284,,1119.0,581.0,系列7,產品7-37,2016-01-20T13:27:40,FEMALE,38.0,廣告_自然流量,45cm,164931,L_CBY_00815
285,gray,1265.0,719.0,系列5,產品5-13,2016-12-08T07:13:54,FEMALE,40.0,廣告_KDPOD_select,L,254430,L_CBY_00359
286,creamywhite,1135.0,686.0,系列5,產品5-7,2016-12-08T07:13:54,FEMALE,40.0,廣告_KDPOD_select,S,254430,L_CBY_00359
287,tiffanygreen,806.0,548.0,系列5,產品5-10,2016-12-08T07:13:54,FEMALE,40.0,廣告_KDPOD_select,90,254430,L_CBY_00359
288,white,768.0,367.0,系列5,產品5-18,2016-05-17T09:35:45,FEMALE,28.0,廣告_自然流量,L,194976,L_CBY_02490
289,black,910.0,419.0,系列262,產品262-3,2016-05-17T09:35:45,FEMALE,28.0,廣告_自然流量,S,194976,L_CBY_02490
290,,1716.0,872.0,系列262,產品262-41,2016-05-17T09:35:45,FEMALE,28.0,廣告_自然流量,mini 1/2/3,194976,L_CBY_02490
291,irontrigray,1028.0,436.0,系列46,產品46-3,2017-05-03T02:11:02,FEMALE,28.0,廣告_自然流量,XL,299442,L_CBY_02414
292,black,1028.0,436.0,系列46,產品46-12,2017-05-03T02:11:02,FEMALE,28.0,廣告_自然流量,2XL,299442,L_CBY_02414
293,gray,1028.0,436.0,系列46,產品46-12,2017-05-03T02:11:02,FEMALE,28.0,廣告_自然流量,XL,299442,L_CBY_02414
294,armygreen,1383.0,696.0,系列1,產品1-34,2018-02-06T16:46:03,FEMALE,32.0,廣告_critei_critei,L,404541,L_CBY_00986
295,gray,1028.0,426.0,系列1,產品1-3,2018-02-06T16:46:03,FEMALE,32.0,廣告_critei_critei,L,404541,L_CBY_00986
296,irontrigrayblack,1207.0,459.0,系列1,產品1-11,2018-03-28T17:16:10,FEMALE,32.0,廣告_KDP_P,M,417459,L_CBY_00986
297,,1448.0,905.0,系列2,產品2-35,2018-03-28T17:16:10,FEMALE,32.0,廣告_KDP_P,無,417459,L_CBY_00986
298,,985.0,689.0,系列1,產品1-36,2018-08-17T18:19:25,FEMALE,32.0,廣告_自然流量,無,466284,L_CBY_00986
299,navyblue,821.0,444.0,系列3,產品3-12,2017-06-23T00:57:48,FEMALE,32.0,廣告_自然流量,3XL,322881,L_CBY_04379
300,jeanblue,821.0,436.0,系列3,產品3-12,2017-06-23T00:57:48,FEMALE,32.0,廣告_自然流量,3XL,322881,L_CBY_04379
301,gray,1028.0,436.0,系列3,產品3-3,2017-06-23T00:57:48,FEMALE,32.0,廣告_自然流量,3XL,322881,L_CBY_04379
302,,656.0,387.0,系列1,產品1-1,2017-06-08T15:00:35,FEMALE,24.0,廣告_critei_critei,無,316215,L_CBY_03261
303,jeanblue,821.0,436.0,系列19,產品19-12,2017-05-06T14:25:27,FEMALE,34.0,廣告_critei_critei,3XL,300729,L_CBY_00617
304,jeanblue,821.0,419.0,系列19,產品19-3,2017-05-06T14:25:27,FEMALE,34.0,廣告_critei_critei,L,300729,L_CBY_00617
305,watermelonred,492.0,291.0,系列19,產品19-15,2017-05-06T14:25:27,FEMALE,34.0,廣告_critei_critei,130,300729,L_CBY_00617
306,watermelonred,492.0,291.0,系列19,產品19-15,2017-05-06T14:25:27,FEMALE,34.0,廣告_critei_critei,110,300729,L_CBY_00617
307,white,740.0,370.0,系列6,產品6-3,2017-01-27T15:39:43,FEMALE,28.0,廣告_KDPOD_priduct,XL,266844,L_CBY_01692
308,white,740.0,370.0,系列6,產品6-12,2017-01-27T15:39:43,FEMALE,28.0,廣告_KDPOD_priduct,L,266844,L_CBY_01692
309,,197.0,123.0,系列25,產品25-83,2017-01-27T15:39:43,FEMALE,28.0,廣告_KDPOD_priduct,無,266844,L_CBY_01692
310,red,821.0,459.0,系列111,產品111-3,2018-05-26T15:06:18,FEMALE,28.0,廣告_critei_critei,2XL,438981,L_CBY_01692
311,,452.0,184.0,系列7,產品7-38,2017-08-03T16:09:00,MALE,34.0,廣告_KDP_D,無,341085,L_CBY_02933
312,babypink,1028.0,426.0,系列7,產品7-3,2017-08-03T16:09:00,MALE,34.0,廣告_KDP_D,S,341085,L_CBY_02933
313,,492.0,237.0,系列7,產品7-26,2017-08-03T16:09:00,MALE,34.0,廣告_KDP_D,無,341085,L_CBY_02933
314,,576.0,263.0,系列7,產品7-27,2017-08-03T16:09:00,MALE,34.0,廣告_KDP_D,無,341085,L_CBY_02933
315,,97.0,53.0,系列25,產品25-83,2017-08-03T16:09:00,MALE,34.0,廣告_KDP_D,無,341085,L_CBY_02933
316,,541.0,324.0,系列25,產品25-83,2017-08-03T16:09:00,MALE,34.0,廣告_KDP_D,無,341085,L_CBY_02933
317,irontrigray,1028.0,426.0,系列9,產品9-12,2018-03-31T04:27:01,,38.0,廣告_自然流量,L,418698,L_CBY_03008
318,jeanblue,1028.0,426.0,系列62,產品62-3,2018-03-31T04:27:01,,38.0,廣告_自然流量,M,418698,L_CBY_03008
319,irontrigray,1028.0,424.0,系列44,產品44-29,2018-03-31T04:39:44,,38.0,廣告_自然流量,S,418701,L_CBY_03008
320,tiffanygreen,410.0,298.0,系列44,產品44-15,2018-03-31T04:39:44,,38.0,廣告_自然流量,90,418701,L_CBY_03008
321,navyblue,1028.0,431.0,系列9,產品9-29,2018-03-31T04:39:44,,38.0,廣告_自然流量,L,418701,L_CBY_03008
322,white,821.0,373.0,系列9,產品9-12,2018-03-31T04:43:14,,38.0,廣告_自然流量,S,418710,L_CBY_03008
323,gray,1028.0,426.0,系列232,產品232-3,2018-03-31T04:43:14,,38.0,廣告_自然流量,S,418710,L_CBY_03008
324,irontrigray,1028.0,426.0,系列61,產品61-12,2018-04-02T07:54:27,,38.0,廣告_自然流量,S,419691,L_CBY_03008
325,gray,1028.0,426.0,系列61,產品61-12,2018-04-02T07:54:27,,38.0,廣告_自然流量,S,419691,L_CBY_03008
326,,457.0,199.0,系列23,產品23-2,2016-06-10T05:16:50,FEMALE,32.0,廣告_ikip_POD,無,203877,L_CBY_04817
327,,457.0,199.0,系列23,產品23-2,2016-06-10T05:16:50,FEMALE,32.0,廣告_ikip_POD,無,203877,L_CBY_04817
328,gray,821.0,419.0,系列23,產品23-12,2016-06-10T05:16:50,FEMALE,32.0,廣告_ikip_POD,XL,203877,L_CBY_04817
329,,457.0,199.0,系列23,產品23-2,2016-06-10T05:16:50,FEMALE,32.0,廣告_ikip_POD,無,203877,L_CBY_04817
330,gray,821.0,419.0,系列7,產品7-12,2016-06-12T13:55:57,FEMALE,32.0,廣告_critei_critei,XL,204852,L_CBY_04817
331,,1092.0,635.0,系列23,產品23-5,2016-06-12T13:55:57,FEMALE,32.0,廣告_critei_critei,無,204852,L_CBY_04817
332,,457.0,199.0,系列23,產品23-2,2016-06-12T13:55:57,FEMALE,32.0,廣告_critei_critei,無,204852,L_CBY_04817
333,babyblue,821.0,419.0,系列50,產品50-12,2016-06-12T13:55:57,FEMALE,32.0,廣告_critei_critei,XL,204852,L_CBY_04817
334,trigrayblack,987.0,470.0,系列50,產品50-14,2016-06-12T13:55:57,FEMALE,32.0,廣告_critei_critei,XL,204852,L_CBY_04817
335,gray,855.0,419.0,系列56,產品56-12,2016-07-06T10:43:58,FEMALE,32.0,廣告_自然流量,XL,212103,L_CBY_04817
336,,1267.0,651.0,系列50,產品50-43,2016-07-06T10:43:58,FEMALE,32.0,廣告_自然流量,F,212103,L_CBY_04817
337,,1267.0,651.0,系列452,產品452-43,2016-07-06T10:43:58,FEMALE,32.0,廣告_自然流量,F,212103,L_CBY_04817
338,,821.0,451.0,系列41,產品41-1,2016-07-06T10:43:58,FEMALE,32.0,廣告_自然流量,無,212103,L_CBY_04817
339,,1267.0,651.0,系列41,產品41-43,2016-07-06T10:43:58,FEMALE,32.0,廣告_自然流量,F,212103,L_CBY_04817
340,,1267.0,651.0,系列41,產品41-43,2016-07-06T10:43:58,FEMALE,32.0,廣告_自然流量,F,212103,L_CBY_04817
341,,781.0,156.0,系列30,產品30-35,2018-01-21T07:22:27,FEMALE,28.0,廣告_B2KP_D,無,396318,L_CBY_03474
342,,1135.0,739.0,系列8,產品8-36,2018-12-17T03:54:53,FEMALE,28.0,廣告_KDMK_D,無,513393,L_CBY_03474
343,black,1426.0,827.0,系列188,產品188-6,2016-11-28T18:14:19,FEMALE,36.0,廣告_自然流量,XS,251904,L_CBY_02945
344,trigrayblack,959.0,470.0,系列5,產品5-11,2016-11-28T18:14:19,FEMALE,36.0,廣告_自然流量,XS,251904,L_CBY_02945
345,trigrayblack,959.0,470.0,系列5,產品5-14,2016-11-28T18:14:19,FEMALE,36.0,廣告_自然流量,L,251904,L_CBY_02945
346,eggyellow,806.0,548.0,系列5,產品5-10,2016-11-28T18:14:19,FEMALE,36.0,廣告_自然流量,130,251904,L_CBY_02945
347,jeanblue,962.0,494.0,系列31,產品31-23,2016-11-28T18:14:19,FEMALE,36.0,廣告_自然流量,L,251904,L_CBY_02945
348,navyblue,625.0,329.0,系列63,產品63-21,2016-11-28T18:14:19,FEMALE,36.0,廣告_自然流量,130,251904,L_CBY_02945
349,watermelonred,898.0,416.0,系列46,產品46-18,2016-04-06T16:19:35,FEMALE,32.0,廣告_ikip_POD,XS,183888,L_CBY_00563
350,lightgray,910.0,434.0,系列46,產品46-17,2016-04-06T16:19:35,FEMALE,32.0,廣告_ikip_POD,F,183888,L_CBY_00563
351,lemonyellow,898.0,416.0,系列46,產品46-18,2016-04-06T16:19:35,FEMALE,32.0,廣告_ikip_POD,XS,183888,L_CBY_00563
352,white,768.0,367.0,系列46,產品46-18,2016-04-21T13:56:18,FEMALE,32.0,廣告_B2K_pid,XS,188265,L_CBY_00563
353,lemonyellow,898.0,416.0,系列46,產品46-18,2016-04-21T13:56:18,FEMALE,32.0,廣告_B2K_pid,XS,188265,L_CBY_00563
354,tiffanygreen,898.0,416.0,系列46,產品46-18,2016-04-21T13:56:18,FEMALE,32.0,廣告_B2K_pid,XS,188265,L_CBY_00563
355,lightgray,979.0,434.0,系列46,產品46-17,2016-05-07T11:31:55,FEMALE,32.0,廣告_自然流量,F,192225,L_CBY_00563
356,lemonyellow,530.0,291.0,系列46,產品46-15,2016-05-07T11:31:55,FEMALE,32.0,廣告_自然流量,110,192225,L_CBY_00563
357,lemonyellow,563.0,291.0,系列46,產品46-15,2016-07-11T06:15:50,FEMALE,32.0,廣告_ikip_ctq,130,213429,L_CBY_00563
358,white,939.0,367.0,系列46,產品46-18,2016-07-11T06:15:50,FEMALE,32.0,廣告_ikip_ctq,XS,213429,L_CBY_00563
359,white,656.0,370.0,系列17,產品17-3,2017-03-22T07:07:26,FEMALE,32.0,廣告_自然流量,M,282756,L_CBY_00868
360,white,656.0,370.0,系列17,產品17-3,2017-03-22T07:07:26,FEMALE,32.0,廣告_自然流量,M,282756,L_CBY_00868
361,white,821.0,370.0,系列17,產品17-3,2017-03-22T07:07:26,FEMALE,32.0,廣告_自然流量,M,282756,L_CBY_00868
362,white,821.0,367.0,系列10,產品10-29,2017-05-28T01:38:23,FEMALE,32.0,廣告_GINEP_C,S,309414,L_CBY_00868
363,white,821.0,370.0,系列17,產品17-3,2017-05-28T01:38:23,FEMALE,32.0,廣告_GINEP_C,M,309414,L_CBY_00868
364,white,905.0,424.0,系列17,產品17-30,2017-05-28T01:38:23,FEMALE,32.0,廣告_GINEP_C,F,309414,L_CBY_00868
365,white,821.0,424.0,系列7,產品7-30,2017-08-06T13:54:15,FEMALE,32.0,廣告_GINEP_D,F,341997,L_CBY_00868
366,white,921.0,424.0,系列7,產品7-30,2017-08-06T13:54:15,FEMALE,32.0,廣告_GINEP_D,F,341997,L_CBY_00868
367,black,905.0,434.0,系列412,產品412-17,2016-09-02T09:15:32,FEMALE,44.0,廣告_自然流量,F,230037,L_CBY_02826
368,black,916.0,419.0,系列412,產品412-3,2016-09-02T09:15:32,FEMALE,44.0,廣告_自然流量,S,230037,L_CBY_02826
369,white,568.0,367.0,系列269,產品269-18,2016-09-17T16:24:24,FEMALE,40.0,廣告_KDPOD_select,S,234864,L_CBY_03426
370,watermelonred,916.0,419.0,系列412,產品412-3,2016-09-17T16:24:24,FEMALE,40.0,廣告_KDPOD_select,S,234864,L_CBY_03426
371,white,740.0,370.0,系列33,產品33-3,2016-10-21T14:16:58,FEMALE,24.0,廣告_KDPOD_qrtist,S,243924,L_CBY_03580
372,whitetrigray,821.0,441.0,系列33,產品33-11,2016-10-21T14:16:58,FEMALE,24.0,廣告_KDPOD_qrtist,S,243924,L_CBY_03580
373,white,740.0,370.0,系列33,產品33-3,2016-10-21T14:16:58,FEMALE,24.0,廣告_KDPOD_qrtist,S,243924,L_CBY_03580
374,white,740.0,370.0,系列67,產品67-3,2016-11-12T16:02:53,FEMALE,24.0,廣告_自然流量,S,248898,L_CBY_03580
375,creamywhitejeanblue,985.0,489.0,系列67,產品67-11,2016-11-12T16:02:53,FEMALE,24.0,廣告_自然流量,S,248898,L_CBY_03580
376,white,740.0,370.0,系列67,產品67-3,2016-11-12T16:02:53,FEMALE,24.0,廣告_自然流量,S,248898,L_CBY_03580
377,white,740.0,370.0,系列262,產品262-3,2016-11-12T16:02:53,FEMALE,24.0,廣告_自然流量,S,248898,L_CBY_03580
378,whitetrigray,897.0,441.0,系列262,產品262-11,2016-11-12T16:02:53,FEMALE,24.0,廣告_自然流量,S,248898,L_CBY_03580
379,white,740.0,370.0,系列781,產品781-3,2016-11-12T16:02:53,FEMALE,24.0,廣告_自然流量,S,248898,L_CBY_03580
380,black,966.0,416.0,系列5,產品5-18,2016-03-07T13:03:43,FEMALE,38.0,廣告_qdwit_pid,L,177240,L_CBY_01864
381,tiffanygreen,979.0,416.0,系列5,產品5-12,2016-03-07T13:03:43,FEMALE,38.0,廣告_qdwit_pid,XL,177240,L_CBY_01864
382,hamred,602.0,543.0,系列5,產品5-10,2016-03-07T13:03:43,FEMALE,38.0,廣告_qdwit_pid,110,177240,L_CBY_01864
383,tiffanygreen,484.0,291.0,系列37,產品37-15,2016-03-07T13:03:43,FEMALE,38.0,廣告_qdwit_pid,90,177240,L_CBY_01864
384,black,910.0,434.0,系列5,產品5-17,2016-05-20T11:24:39,FEMALE,38.0,廣告_自然流量,F,195978,L_CBY_01864
385,tiffanygreen,910.0,419.0,系列5,產品5-12,2016-05-20T11:24:39,FEMALE,38.0,廣告_自然流量,XL,195978,L_CBY_01864
386,babypink,428.0,350.0,系列10,產品10-20,2016-10-09T07:14:41,MALE,36.0,廣告_KDPOD_qrtist,90,240789,L_CBY_00844
387,creamywhitejeanblue,492.0,319.0,系列46,產品46-8,2016-10-09T07:14:41,MALE,36.0,廣告_KDPOD_qrtist,90,240789,L_CBY_00844
388,creamywhiteburgundy,492.0,319.0,系列46,產品46-8,2016-10-09T07:14:41,MALE,36.0,廣告_KDPOD_qrtist,90,240789,L_CBY_00844
389,babypink,492.0,291.0,系列241,產品241-15,2016-10-09T07:14:41,MALE,36.0,廣告_KDPOD_qrtist,90,240789,L_CBY_00844
390,lemonyellow,492.0,291.0,系列164,產品164-15,2016-10-09T07:14:41,MALE,36.0,廣告_KDPOD_qrtist,90,240789,L_CBY_00844
391,white,750.0,370.0,系列90,產品90-3,2016-08-04T17:09:50,FEMALE,30.0,廣告_KDPOD_select,M,221886,L_CBY_04974
392,white,750.0,370.0,系列93,產品93-3,2016-08-04T17:09:50,FEMALE,30.0,廣告_KDPOD_select,S,221886,L_CBY_04974
393,white,750.0,370.0,系列93,產品93-3,2016-08-04T17:09:50,FEMALE,30.0,廣告_KDPOD_select,M,221886,L_CBY_04974
394,white,740.0,370.0,系列242,產品242-3,2016-10-20T16:18:18,FEMALE,30.0,廣告_自然流量,M,243735,L_CBY_04974
395,white,740.0,370.0,系列194,產品194-3,2016-10-20T16:18:18,FEMALE,30.0,廣告_自然流量,M,243735,L_CBY_04974
396,trigrayblack,905.0,470.0,系列295,產品295-11,2016-10-20T16:18:18,FEMALE,30.0,廣告_自然流量,M,243735,L_CBY_04974
397,gray,1045.0,816.0,系列36,產品36-6,2016-01-27T12:19:48,FEMALE,32.0,廣告_ikip_pid,M,168312,L_CBY_04288
398,black,1045.0,816.0,系列64,產品64-9,2016-01-27T12:19:48,FEMALE,32.0,廣告_ikip_pid,L,168312,L_CBY_04288
399,white,806.0,421.0,系列2,產品2-30,2018-05-13T05:22:56,FEMALE,30.0,廣告_自然流量,L,435135,L_CBY_03108
400,,971.0,423.0,系列2,產品2-101,2018-05-13T05:22:56,FEMALE,30.0,廣告_自然流量,M,435135,L_CBY_03108
401,,576.0,263.0,系列7,產品7-27,2017-06-23T00:15:51,FEMALE,28.0,廣告_critei_critei,無,322869,L_CBY_04696
402,,1135.0,441.0,系列2,產品2-35,2019-06-27T12:33:45,FEMALE,30.0,廣告_KBDG_MP,無,574233,L_CBY_01874
403,,1135.0,441.0,系列2,產品2-35,2019-06-27T12:33:45,FEMALE,30.0,廣告_KBDG_MP,無,574233,L_CBY_01874
404,babypink,1061.0,433.0,系列2,產品2-29,2019-06-27T12:33:45,FEMALE,30.0,廣告_KBDG_MP,S,574233,L_CBY_01874
405,eggyellow,1061.0,433.0,系列32,產品32-3,2019-06-27T12:33:45,FEMALE,30.0,廣告_KBDG_MP,S,574233,L_CBY_01874
406,irontrigray,985.0,433.0,系列46,產品46-3,2018-11-19T14:30:16,FEMALE,32.0,廣告_自然流量,L,500412,L_CBY_03700
407,irontrigray,985.0,451.0,系列46,產品46-12,2018-11-19T14:30:16,FEMALE,32.0,廣告_自然流量,XL,500412,L_CBY_03700
408,lemonyellow,410.0,308.0,系列46,產品46-15,2018-11-19T14:30:16,FEMALE,32.0,廣告_自然流量,90,500412,L_CBY_03700
409,,985.0,691.0,系列8,產品8-36,2018-08-03T03:39:03,,,廣告_自然流量,無,461046,L_CBY_04965
410,babypink,1173.0,472.0,系列2,產品2-30,2017-09-22T12:16:54,FEMALE,26.0,廣告_KDP_D,L,361431,L_CBY_02779
411,babypink,1173.0,472.0,系列2,產品2-30,2017-09-22T12:16:54,FEMALE,26.0,廣告_KDP_D,M,361431,L_CBY_02779
412,,1239.0,635.0,系列7,產品7-5,2016-06-16T04:05:13,,,廣告_KDPOD_style,無,206277,L_CBY_00418
413,,1239.0,635.0,系列7,產品7-5,2016-06-16T04:05:13,,,廣告_KDPOD_style,無,206277,L_CBY_00418
414,white,656.0,375.0,系列62,產品62-29,2017-08-04T14:02:15,FEMALE,30.0,廣告_KDP_D,L,341346,L_CBY_03049
415,gray,1028.0,426.0,系列61,產品61-3,2017-08-04T14:02:15,FEMALE,30.0,廣告_KDP_D,S,341346,L_CBY_03049
416,gray,1028.0,443.0,系列61,產品61-3,2017-08-04T14:02:15,FEMALE,30.0,廣告_KDP_D,2XL,341346,L_CBY_03049
417,gray,821.0,424.0,系列61,產品61-29,2017-08-04T14:02:15,FEMALE,30.0,廣告_KDP_D,L,341346,L_CBY_03049
418,white,656.0,370.0,系列22,產品22-3,2017-05-29T14:49:24,FEMALE,26.0,廣告_KDP_D,XS,310812,L_CBY_01058
419,white,656.0,370.0,系列22,產品22-3,2017-05-29T14:49:24,FEMALE,26.0,廣告_KDP_D,S,310812,L_CBY_01058
420,tiffanygreen,910.0,416.0,系列28,產品28-3,2016-04-03T04:11:11,FEMALE,34.0,廣告_qdwit_pid,M,183015,L_CBY_01893
421,lemonyellow,910.0,416.0,系列28,產品28-3,2016-04-03T04:11:11,FEMALE,34.0,廣告_qdwit_pid,M,183015,L_CBY_01893
422,babypink,910.0,416.0,系列28,產品28-3,2016-04-03T04:11:11,FEMALE,34.0,廣告_qdwit_pid,L,183015,L_CBY_01893
423,white,821.0,377.0,系列50,產品50-12,2017-08-02T14:26:00,,,廣告_自然流量,M,340719,L_CBY_02752
424,navyblue,1028.0,459.0,系列50,產品50-12,2017-08-02T14:26:00,,,廣告_自然流量,XL,340719,L_CBY_02752
425,eggyellow,1028.0,443.0,系列22,產品22-12,2017-08-02T14:26:00,,,廣告_自然流量,XL,340719,L_CBY_02752
426,navyblue,1028.0,459.0,系列24,產品24-12,2017-08-02T14:26:00,,,廣告_自然流量,XL,340719,L_CBY_02752
427,gray,821.0,426.0,系列15,產品15-12,2017-08-02T14:26:00,,,廣告_自然流量,L,340719,L_CBY_02752
428,,456.0,211.0,系列364,產品364-38,2016-07-28T03:50:02,FEMALE,40.0,廣告_自然流量,無,219108,L_CBY_04698
429,,456.0,211.0,系列364,產品364-38,2016-07-28T03:50:02,FEMALE,40.0,廣告_自然流量,無,219108,L_CBY_04698
430,babypink,327.0,424.0,系列8,產品8-89,2018-08-07T16:09:15,FEMALE,26.0,廣告_自然流量,XS,462738,L_CBY_01035
431,armygreen,327.0,431.0,系列8,產品8-89,2018-08-07T16:09:15,FEMALE,26.0,廣告_自然流量,XS,462738,L_CBY_01035
432,skyblue,327.0,424.0,系列8,產品8-89,2018-08-07T16:09:15,FEMALE,26.0,廣告_自然流量,XS,462738,L_CBY_01035
433,gray,327.0,426.0,系列8,產品8-88,2018-08-07T16:09:15,FEMALE,26.0,廣告_自然流量,L,462738,L_CBY_01035
434,white,262.0,373.0,系列8,產品8-73,2018-08-07T16:09:15,FEMALE,26.0,廣告_自然流量,M,462738,L_CBY_01035
435,hamred,327.0,426.0,系列8,產品8-88,2018-08-07T16:09:15,FEMALE,26.0,廣告_自然流量,L,462738,L_CBY_01035
436,,492.0,344.0,系列1,產品1-36,2019-08-09T05:16:06,FEMALE,26.0,廣告_自然流量,無,585819,L_CBY_03312
437,,1398.0,887.0,系列1,產品1-35,2019-08-09T05:16:06,FEMALE,26.0,廣告_自然流量,無,585819,L_CBY_03312
438,gray,985.0,433.0,系列2,產品2-12,2019-07-02T10:44:59,,,廣告_自然流量,L,575445,L_CBY_03226
439,navyblue,985.0,433.0,系列2,產品2-12,2019-07-02T10:44:59,,,廣告_自然流量,L,575445,L_CBY_03226
440,white,985.0,401.0,系列181,產品181-12,2019-07-02T10:44:59,,,廣告_自然流量,XL,575445,L_CBY_03226
441,tiffanygreen,821.0,434.0,系列7,產品7-29,2017-06-19T02:18:55,MALE,36.0,廣告_自然流量,XL,321204,L_CBY_04428
442,babyblue,1028.0,436.0,系列51,產品51-12,2017-06-19T02:18:55,MALE,36.0,廣告_自然流量,XL,321204,L_CBY_04428
443,white,921.0,424.0,系列51,產品51-30,2017-06-19T02:18:55,MALE,36.0,廣告_自然流量,F,321204,L_CBY_04428
444,eggyellow,1028.0,426.0,系列16,產品16-3,2018-05-06T15:34:56,,,廣告_自然流量,S,432306,L_CBY_04305
445,white,821.0,393.0,系列11,產品11-12,2018-05-06T15:34:56,,,廣告_自然流量,2XL,432306,L_CBY_04305
446,burgundy,1629.0,824.0,系列77,產品77-6,2019-01-16T15:39:34,,,廣告_KDP_D,S,523584,L_CBY_04305
447,gray,985.0,433.0,系列77,產品77-3,2019-01-16T15:39:34,,,廣告_KDP_D,S,523584,L_CBY_04305
448,,689.0,299.0,系列77,產品77-16,2019-02-16T04:53:53,,,廣告_自然流量,無,533655,L_CBY_04305
449,armygreen,985.0,433.0,系列77,產品77-3,2019-02-16T04:53:53,,,廣告_自然流量,S,533655,L_CBY_04305
450,gray,985.0,433.0,系列77,產品77-12,2019-02-16T04:53:53,,,廣告_自然流量,L,533655,L_CBY_04305
451,watermelonred,893.0,419.0,系列7,產品7-12,2016-08-04T16:46:47,FEMALE,34.0,廣告_KDPOD_select,L,221874,L_CBY_00060
452,gray,893.0,419.0,系列7,產品7-12,2016-08-04T16:46:47,FEMALE,34.0,廣告_KDPOD_select,L,221874,L_CBY_00060
453,white,740.0,367.0,系列7,產品7-18,2016-08-04T16:46:47,FEMALE,34.0,廣告_KDPOD_select,M,221874,L_CBY_00060
454,black,793.0,419.0,系列133,產品133-12,2016-08-04T16:46:47,FEMALE,34.0,廣告_KDPOD_select,L,221874,L_CBY_00060
455,creamywhitejeanblue,961.0,489.0,系列89,產品89-11,2016-08-04T16:46:47,FEMALE,34.0,廣告_KDPOD_select,M,221874,L_CBY_00060
456,trigrayblack,885.0,470.0,系列124,產品124-11,2016-01-21T03:37:19,FEMALE,26.0,廣告_ikip_POD,S,165102,L_CBY_03003
457,trigrayblack,885.0,470.0,系列124,產品124-11,2016-01-21T03:37:19,FEMALE,26.0,廣告_ikip_POD,M,165102,L_CBY_03003
458,gray,905.0,475.0,系列9,產品9-30,2017-06-06T14:24:34,FEMALE,28.0,廣告_自然流量,F,315150,L_CBY_02109
459,navyblue,905.0,475.0,系列9,產品9-30,2017-06-06T14:24:34,FEMALE,28.0,廣告_自然流量,F,315150,L_CBY_02109
460,navyblue,1084.0,475.0,系列9,產品9-30,2017-06-06T14:24:34,FEMALE,28.0,廣告_自然流量,F,315150,L_CBY_02109
461,gray,1084.0,475.0,系列220,產品220-30,2017-06-06T14:24:34,FEMALE,28.0,廣告_自然流量,F,315150,L_CBY_02109
462,black,1135.0,451.0,系列200,產品200-12,2019-07-10T18:36:13,FEMALE,24.0,廣告_自然流量,XL,577500,L_CBY_00242
463,irontrigray,1135.0,451.0,系列200,產品200-12,2019-08-09T15:44:19,FEMALE,24.0,廣告_自然流量,3XL,586080,L_CBY_00242
464,white,842.0,367.0,系列729,產品729-18,2016-08-03T15:34:32,FEMALE,30.0,廣告_自然流量,M,221526,L_CBY_00465
465,navyblue,916.0,419.0,系列729,產品729-12,2016-08-03T15:34:32,FEMALE,30.0,廣告_自然流量,L,221526,L_CBY_00465
466,,656.0,345.0,系列8,產品8-35,2019-02-14T23:16:49,FEMALE,26.0,廣告_KDMK_D,無,533049,L_CBY_03546
467,gray,985.0,433.0,系列69,產品69-12,2019-05-16T14:04:21,FEMALE,26.0,廣告_自然流量,S,561258,L_CBY_03546
468,black,985.0,433.0,系列69,產品69-12,2019-05-16T14:04:21,FEMALE,26.0,廣告_自然流量,S,561258,L_CBY_03546
469,tiffanygreen,1105.0,419.0,系列48,產品48-3,2017-03-15T15:20:50,FEMALE,26.0,廣告_B2KP_D,S,280464,L_CBY_00798
470,trigrayblack,1061.0,470.0,系列48,產品48-11,2017-03-15T15:20:50,FEMALE,26.0,廣告_B2KP_D,S,280464,L_CBY_00798
471,white,656.0,387.0,系列7,產品7-3,2017-05-03T05:36:04,FEMALE,28.0,廣告_critei_critei,XL,299496,L_CBY_03694
472,black,821.0,419.0,系列7,產品7-12,2017-05-03T05:36:04,FEMALE,28.0,廣告_critei_critei,M,299496,L_CBY_03694
473,babyblue,1028.0,419.0,系列154,產品154-12,2017-05-03T05:36:04,FEMALE,28.0,廣告_critei_critei,M,299496,L_CBY_03694
474,white,832.0,378.0,系列5,產品5-19,2016-07-21T14:03:08,FEMALE,32.0,廣告_自然流量,F,216345,L_CBY_03212
475,white,832.0,367.0,系列103,產品103-18,2016-07-21T14:03:08,FEMALE,32.0,廣告_自然流量,XS,216345,L_CBY_03212
476,babypink,832.0,401.0,系列175,產品175-19,2016-07-21T14:03:08,FEMALE,32.0,廣告_自然流量,F,216345,L_CBY_03212
477,,1275.0,646.0,系列46,產品46-39,2016-04-27T11:06:39,FEMALE,30.0,廣告_critei_critei,iPhone 6,189993,L_CBY_04483
478,black,910.0,416.0,系列53,產品53-12,2016-04-27T11:06:39,FEMALE,30.0,廣告_critei_critei,M,189993,L_CBY_04483
479,white,740.0,370.0,系列46,產品46-3,2016-08-29T12:03:23,FEMALE,30.0,廣告_自然流量,M,228888,L_CBY_04483
480,babyblue,893.0,419.0,系列46,產品46-3,2016-08-29T12:03:23,FEMALE,30.0,廣告_自然流量,M,228888,L_CBY_04483
481,navyblue,893.0,419.0,系列46,產品46-12,2016-08-29T12:03:23,FEMALE,30.0,廣告_自然流量,M,228888,L_CBY_04483
482,creamywhite,1464.0,775.0,系列2,產品2-6,2017-11-27T02:56:26,,,廣告_KDP_D,M,384522,L_CBY_01895
483,white,780.0,375.0,系列2,產品2-29,2017-11-27T02:56:26,,,廣告_KDP_D,M,384522,L_CBY_01895
484,armygreen,1530.0,839.0,系列2,產品2-9,2017-11-27T02:56:26,,,廣告_KDP_D,XL,384522,L_CBY_01895
485,gray,1464.0,824.0,系列2,產品2-6,2017-12-13T05:05:53,,,廣告_KDP_D,S,388722,L_CBY_01895
486,trigrayblack,1137.0,480.0,系列56,產品56-11,2017-07-15T13:55:06,,,廣告_critei_critei,XS,332388,L_CBY_03332
487,tiffanygreen,1028.0,424.0,系列56,產品56-29,2017-07-15T13:55:06,,,廣告_critei_critei,S,332388,L_CBY_03332
488,white,821.0,375.0,系列140,產品140-18,2017-07-15T13:55:06,,,廣告_critei_critei,XS,332388,L_CBY_03332
489,creamywhiteburgundy,985.0,498.0,系列1,產品1-11,2017-03-08T14:30:55,FEMALE,26.0,廣告_自然流量,S,278448,L_CBY_01766
490,babypink,821.0,419.0,系列1,產品1-3,2017-03-08T14:30:55,FEMALE,26.0,廣告_自然流量,S,278448,L_CBY_01766
491,navyblue,1028.0,419.0,系列1,產品1-12,2017-03-08T14:30:55,FEMALE,26.0,廣告_自然流量,L,278448,L_CBY_01766
492,navyblue,821.0,419.0,系列1,產品1-3,2017-03-08T14:30:55,FEMALE,26.0,廣告_自然流量,M,278448,L_CBY_01766
493,gray,923.0,548.0,系列17,產品17-10,2017-12-31T06:39:44,FEMALE,38.0,廣告_edmP_,110,392799,L_CBY_00644
494,creamywhite,1135.0,610.0,系列17,產品17-7,2017-12-31T06:39:44,FEMALE,38.0,廣告_edmP_,M,392799,L_CBY_00644
495,hamred,923.0,548.0,系列17,產品17-10,2017-12-31T06:39:44,FEMALE,38.0,廣告_edmP_,90,392799,L_CBY_00644
496,black,1135.0,661.0,系列17,產品17-13,2017-12-31T06:39:44,FEMALE,38.0,廣告_edmP_,XL,392799,L_CBY_00644
497,white,410.0,250.0,系列17,產品17-15,2017-12-31T14:47:54,FEMALE,38.0,廣告_edmP_,90,392880,L_CBY_00644
498,creamywhite,972.0,502.0,系列17,產品17-31,2017-12-31T14:47:54,FEMALE,38.0,廣告_edmP_,M,392880,L_CBY_00644
499,irontrigray,860.0,419.0,系列7,產品7-12,2016-07-22T16:04:54,MALE,38.0,廣告_ikip_ikip,XL,216870,L_CBY_01823
500,navyblue,860.0,419.0,系列5,產品5-12,2016-07-22T16:04:54,MALE,38.0,廣告_ikip_ikip,XL,216870,L_CBY_01823
501,jeanblue,860.0,454.0,系列36,產品36-12,2016-07-22T16:04:54,MALE,38.0,廣告_ikip_ikip,XL,216870,L_CBY_01823
502,navyblue,860.0,419.0,系列67,產品67-12,2016-07-22T16:04:54,MALE,38.0,廣告_ikip_ikip,XL,216870,L_CBY_01823
503,,1448.0,905.0,系列2,產品2-35,2018-03-31T14:36:22,FEMALE,26.0,廣告_KDP_P,無,419022,L_CBY_02578
504,,469.0,199.0,系列7,產品7-2,2016-08-12T15:58:44,FEMALE,32.0,廣告_KDPOD_select,無,224370,L_CBY_03829
505,white,740.0,367.0,系列7,產品7-18,2016-08-12T15:58:44,FEMALE,32.0,廣告_KDPOD_select,L,224370,L_CBY_03829
506,,492.0,248.0,系列7,產品7-26,2016-08-12T15:58:44,FEMALE,32.0,廣告_KDPOD_select,無,224370,L_CBY_03829
507,gray,893.0,419.0,系列56,產品56-3,2016-08-12T15:58:44,FEMALE,32.0,廣告_KDPOD_select,S,224370,L_CBY_03829
508,gray,793.0,419.0,系列16,產品16-12,2016-08-12T15:58:44,FEMALE,32.0,廣告_KDPOD_select,XL,224370,L_CBY_03829
509,white,656.0,370.0,系列6,產品6-12,2017-02-06T07:48:10,FEMALE,26.0,廣告_自然流量,S,269850,L_CBY_01514
510,white,656.0,370.0,系列6,產品6-12,2017-02-06T07:48:10,FEMALE,26.0,廣告_自然流量,M,269850,L_CBY_01514
511,white,656.0,370.0,系列6,產品6-12,2017-02-06T07:48:10,FEMALE,26.0,廣告_自然流量,XL,269850,L_CBY_01514
512,gray,1028.0,424.0,系列2,產品2-29,2017-09-26T09:02:21,FEMALE,30.0,廣告_B2KP_D,M,364941,L_CBY_04236
513,gray,1028.0,424.0,系列2,產品2-29,2017-09-26T09:02:21,FEMALE,30.0,廣告_B2KP_D,M,364941,L_CBY_04236
514,gray,1028.0,424.0,系列2,產品2-29,2017-09-26T09:02:21,FEMALE,30.0,廣告_B2KP_D,M,364941,L_CBY_04236
515,gray,1028.0,443.0,系列2,產品2-12,2017-09-26T09:13:58,FEMALE,30.0,廣告_B2KP_D,2XL,364950,L_CBY_04236
516,gray,1028.0,426.0,系列2,產品2-12,2017-09-26T09:13:58,FEMALE,30.0,廣告_B2KP_D,M,364950,L_CBY_04236
517,navyblue,1028.0,428.0,系列2,產品2-29,2017-09-26T09:13:58,FEMALE,30.0,廣告_B2KP_D,M,364950,L_CBY_04236
518,white,656.0,375.0,系列2,產品2-29,2017-09-26T09:24:55,FEMALE,30.0,廣告_B2KP_D,M,364959,L_CBY_04236
519,white,821.0,375.0,系列2,產品2-29,2017-09-26T09:24:55,FEMALE,30.0,廣告_B2KP_D,M,364959,L_CBY_04236
520,white,821.0,393.0,系列2,產品2-12,2017-09-26T09:24:55,FEMALE,30.0,廣告_B2KP_D,2XL,364959,L_CBY_04236
521,,1091.0,474.0,系列2,產品2-91,2017-09-26T15:37:50,FEMALE,30.0,廣告_自然流量,S,365157,L_CBY_04236
522,gray,1028.0,424.0,系列2,產品2-29,2017-09-26T15:37:50,FEMALE,30.0,廣告_自然流量,S,365157,L_CBY_04236
523,white,905.0,421.0,系列2,產品2-30,2017-09-26T15:37:50,FEMALE,30.0,廣告_自然流量,S,365157,L_CBY_04236
524,white,821.0,377.0,系列2,產品2-3,2017-09-26T15:51:38,FEMALE,30.0,廣告_B2KP_D,S,365181,L_CBY_04236
525,navyblue,821.0,428.0,系列2,產品2-29,2017-09-26T15:51:38,FEMALE,30.0,廣告_B2KP_D,L,365181,L_CBY_04236
526,white,821.0,375.0,系列2,產品2-29,2017-09-26T15:51:38,FEMALE,30.0,廣告_B2KP_D,L,365181,L_CBY_04236
527,white,821.0,377.0,系列2,產品2-12,2017-09-26T15:51:38,FEMALE,30.0,廣告_B2KP_D,XS,365181,L_CBY_04236
528,navyblue,1091.0,472.0,系列4,產品4-30,2017-10-04T07:56:35,FEMALE,30.0,廣告_B2KP_D,S,369645,L_CBY_04236
529,navyblue,1091.0,472.0,系列4,產品4-30,2017-10-04T07:56:35,FEMALE,30.0,廣告_B2KP_D,L,369645,L_CBY_04236
530,gray,1091.0,472.0,系列4,產品4-30,2017-10-04T07:56:35,FEMALE,30.0,廣告_B2KP_D,S,369645,L_CBY_04236
531,,1643.0,1374.0,系列52,產品52-35,2017-12-17T13:53:34,FEMALE,30.0,廣告_GINEP_D,無,389904,L_CBY_04236
532,,1643.0,1374.0,系列52,產品52-35,2017-12-17T13:53:34,FEMALE,30.0,廣告_GINEP_D,無,389904,L_CBY_04236
533,,1150.0,790.0,系列2,產品2-35,2018-03-29T07:01:31,FEMALE,30.0,廣告_自然流量,無,417774,L_CBY_04236
534,,1150.0,790.0,系列2,產品2-35,2018-03-29T07:01:31,FEMALE,30.0,廣告_自然流量,無,417774,L_CBY_04236
535,,971.0,423.0,系列2,產品2-101,2018-05-12T15:21:42,FEMALE,30.0,廣告_edmP_P,L,434913,L_CBY_04236
536,,971.0,459.0,系列2,產品2-102,2018-05-12T15:21:42,FEMALE,30.0,廣告_edmP_P,M,434913,L_CBY_04236
537,,971.0,459.0,系列2,產品2-102,2018-05-14T05:24:53,FEMALE,30.0,廣告_自然流量,L,435624,L_CBY_04236
538,,821.0,365.0,系列2,產品2-104,2018-05-14T05:24:53,FEMALE,30.0,廣告_自然流量,L,435624,L_CBY_04236
539,,971.0,459.0,系列2,產品2-102,2018-05-14T05:28:25,FEMALE,30.0,廣告_自然流量,S,435630,L_CBY_04236
540,,821.0,316.0,系列2,產品2-103,2018-05-14T05:28:25,FEMALE,30.0,廣告_自然流量,L,435630,L_CBY_04236
541,white,821.0,370.0,系列117,產品117-12,2017-06-04T16:28:45,FEMALE,36.0,廣告_自然流量,L,314232,L_CBY_04270
542,creamywhiteburgundy,1137.0,498.0,系列117,產品117-11,2017-06-04T16:28:45,FEMALE,36.0,廣告_自然流量,S,314232,L_CBY_04270
543,white,821.0,370.0,系列117,產品117-12,2017-06-04T16:28:45,FEMALE,36.0,廣告_自然流量,L,314232,L_CBY_04270
544,creamywhite,1610.0,775.0,系列109,產品109-6,2017-12-06T15:42:58,,34.0,廣告_B2K_PicCirgi,S,386859,L_CBY_00232
545,gray,1610.0,824.0,系列109,產品109-9,2017-12-06T15:42:58,,34.0,廣告_B2K_PicCirgi,M,386859,L_CBY_00232
546,,971.0,518.0,系列25,產品25-35,2018-12-07T09:53:42,,34.0,廣告_KDMK_D,無,507933,L_CBY_00232
547,,461.0,128.0,系列11,產品11-35,2018-12-07T09:53:42,,34.0,廣告_KDMK_D,無,507933,L_CBY_00232
548,navyblue,793.0,419.0,系列59,產品59-12,2016-10-11T06:00:23,FEMALE,28.0,廣告_自然流量,XL,241602,L_CBY_04422
549,,586.0,313.0,系列59,產品59-16,2016-10-11T06:00:23,FEMALE,28.0,廣告_自然流量,無,241602,L_CBY_04422
550,,806.0,523.0,系列8,產品8-35,2019-05-16T13:25:11,FEMALE,28.0,廣告_KDMK_D,無,561222,L_CBY_04422
551,,576.0,373.0,系列8,產品8-35,2019-05-16T13:25:11,FEMALE,28.0,廣告_KDMK_D,無,561222,L_CBY_04422
552,babypink,1069.0,426.0,系列1,產品1-3,2018-06-04T13:01:42,FEMALE,34.0,廣告_自然流量,L,440775,L_CBY_02776
553,white,905.0,375.0,系列2,產品2-29,2018-06-04T13:01:42,FEMALE,34.0,廣告_自然流量,L,440775,L_CBY_02776
554,,821.0,411.0,系列2,產品2-104,2018-06-04T13:01:42,FEMALE,34.0,廣告_自然流量,L,440775,L_CBY_02776
555,irontrigray,793.0,419.0,系列12,產品12-12,2016-12-26T10:25:25,FEMALE,30.0,廣告_B2KMK_redecvelipe,XL,258417,L_CBY_04331
556,,164.0,41.0,系列30,產品30-35,2016-12-26T10:25:25,FEMALE,30.0,廣告_B2KMK_redecvelipe,無,258417,L_CBY_04331
557,babypink,842.0,401.0,系列72,產品72-19,2016-08-11T13:26:55,FEMALE,42.0,廣告_KDPOD_select,F,223944,L_CBY_00818
558,lemonyellow,793.0,418.0,系列88,產品88-18,2016-08-11T13:26:55,FEMALE,42.0,廣告_KDPOD_select,L,223944,L_CBY_00818
559,,1133.0,592.0,系列7,產品7-5,2018-03-28T16:21:40,FEMALE,42.0,廣告_KDP_D,無,417402,L_CBY_00818
560,armygreen,1028.0,431.0,系列7,產品7-29,2018-03-28T16:21:40,FEMALE,42.0,廣告_KDP_D,L,417402,L_CBY_00818
561,navyblue,1028.0,431.0,系列7,產品7-29,2018-03-28T16:21:40,FEMALE,42.0,廣告_KDP_D,L,417402,L_CBY_00818
562,white,821.0,387.0,系列83,產品83-12,2017-06-13T15:37:25,MALE,26.0,廣告_自然流量,XL,318705,L_CBY_04046
563,white,821.0,387.0,系列9,產品9-12,2017-06-13T15:37:25,MALE,26.0,廣告_自然流量,XL,318705,L_CBY_04046
564,jeanblue,1028.0,436.0,系列24,產品24-12,2017-06-13T15:37:25,MALE,26.0,廣告_自然流量,XL,318705,L_CBY_04046
565,white,821.0,387.0,系列24,產品24-12,2017-06-13T15:37:25,MALE,26.0,廣告_自然流量,XL,318705,L_CBY_04046
566,babypink,492.0,298.0,系列68,產品68-15,2017-08-18T07:50:42,FEMALE,,廣告_critei_critei,90,346482,L_CBY_04479
567,eggyellow,492.0,298.0,系列68,產品68-15,2017-08-18T07:50:42,FEMALE,,廣告_critei_critei,110,346482,L_CBY_04479
568,babypink,410.0,298.0,系列68,產品68-15,2018-04-20T05:00:34,FEMALE,,廣告_KDP_D,80,427065,L_CBY_04479
569,white,410.0,250.0,系列68,產品68-15,2018-04-20T05:00:34,FEMALE,,廣告_KDP_D,110,427065,L_CBY_04479
570,navyblue,410.0,298.0,系列68,產品68-15,2018-04-20T05:00:34,FEMALE,,廣告_KDP_D,110,427065,L_CBY_04479
571,red,410.0,298.0,系列68,產品68-15,2018-04-20T05:00:34,FEMALE,,廣告_KDP_D,110,427065,L_CBY_04479
572,skyblue,821.0,426.0,系列61,產品61-12,2017-09-04T15:07:53,,,廣告_自然流量,M,354189,L_CBY_04175
573,lemonyellow,1028.0,418.0,系列74,產品74-18,2017-05-30T16:40:11,,26.0,廣告_KDP_D,M,311724,L_CBY_04286
574,tiffanygreen,1028.0,418.0,系列74,產品74-18,2017-05-30T16:40:11,,26.0,廣告_KDP_D,M,311724,L_CBY_04286
575,white,656.0,367.0,系列15,產品15-29,2017-05-30T16:40:11,,26.0,廣告_KDP_D,M,311724,L_CBY_04286
576,,469.0,211.0,系列79,產品79-38,2016-04-10T13:12:03,FEMALE,28.0,廣告_自然流量,無,184866,L_CBY_01654
577,gray,910.0,416.0,系列50,產品50-12,2016-04-10T13:12:03,FEMALE,28.0,廣告_自然流量,L,184866,L_CBY_01654
578,white,822.0,370.0,系列90,產品90-3,2016-06-11T14:01:12,,,廣告_KDPOD_qrtist,M,204333,L_CBY_03994
579,white,822.0,370.0,系列9,產品9-3,2016-06-11T14:01:12,,,廣告_KDPOD_qrtist,M,204333,L_CBY_03994
580,white,656.0,370.0,系列16,產品16-12,2017-02-25T14:29:39,,,廣告_自然流量,M,275337,L_CBY_03994
581,,410.0,248.0,系列16,產品16-26,2017-02-25T14:29:39,,,廣告_自然流量,無,275337,L_CBY_03994
582,white,821.0,370.0,系列218,產品218-12,2017-02-25T14:29:39,,,廣告_自然流量,M,275337,L_CBY_03994
583,gray,1035.0,475.0,系列53,產品53-30,2017-07-30T07:35:00,,,廣告_critei_critei,F,339021,L_CBY_03994
584,white,921.0,424.0,系列113,產品113-30,2017-07-30T07:35:00,,,廣告_critei_critei,F,339021,L_CBY_03994
585,creamywhite,821.0,502.0,系列28,產品28-31,2017-11-25T12:23:20,,,廣告_critei_critei,M,383832,L_CBY_03994
586,,1036.0,538.0,系列7,產品7-37,2016-11-23T10:28:45,FEMALE,26.0,廣告_自然流量,45cm,250830,L_CBY_03970
587,,492.0,248.0,系列7,產品7-26,2016-11-23T10:28:45,FEMALE,26.0,廣告_自然流量,無,250830,L_CBY_03970
588,white,721.0,367.0,系列7,產品7-18,2016-11-23T10:28:45,FEMALE,26.0,廣告_自然流量,M,250830,L_CBY_03970
589,babypink,686.0,419.0,系列31,產品31-3,2016-07-26T14:02:47,FEMALE,34.0,廣告_自然流量,M,218577,L_CBY_03926
590,tiffanygreen,686.0,419.0,系列12,產品12-12,2016-07-26T14:02:47,FEMALE,34.0,廣告_自然流量,M,218577,L_CBY_03926
591,,650.0,390.0,系列8,產品8-36,2018-12-21T15:31:08,FEMALE,34.0,廣告_edmMK_D,無,514671,L_CBY_04053
592,,576.0,345.0,系列8,產品8-36,2018-12-21T15:31:08,FEMALE,34.0,廣告_edmMK_D,無,514671,L_CBY_04053
593,navy,1754.0,824.0,系列12,產品12-9,2018-12-21T15:31:08,FEMALE,34.0,廣告_edmMK_D,2XL,514671,L_CBY_04053
594,gray,908.0,816.0,系列65,產品65-6,2016-03-11T02:13:33,,,廣告_ikip_pid,S,177891,L_CBY_03821
595,gray,908.0,816.0,系列31,產品31-6,2016-03-11T02:13:33,,,廣告_ikip_pid,S,177891,L_CBY_03821
596,creamywhitejeanblue,928.0,489.0,系列16,產品16-11,2016-10-01T02:35:31,FEMALE,34.0,廣告_自然流量,XS,238563,L_CBY_02497
597,creamywhitejeanblue,928.0,489.0,系列16,產品16-14,2016-10-01T02:35:31,FEMALE,34.0,廣告_自然流量,L,238563,L_CBY_02497
598,hamred,821.0,418.0,系列26,產品26-29,2017-06-12T12:14:19,,,廣告_自然流量,M,318162,L_CBY_01468
599,babypink,1028.0,418.0,系列6,產品6-29,2017-06-12T12:14:19,,,廣告_自然流量,M,318162,L_CBY_01468
600,skyblue,821.0,418.0,系列62,產品62-29,2017-06-12T12:14:19,,,廣告_自然流量,M,318162,L_CBY_01468
601,tiffanygreen,1028.0,418.0,系列162,產品162-29,2017-06-12T12:14:19,,,廣告_自然流量,M,318162,L_CBY_01468
602,watermelonred,467.0,291.0,系列37,產品37-15,2016-06-01T14:39:19,FEMALE,38.0,廣告_ikip_POD,110,200601,L_CBY_03191
603,white,701.0,367.0,系列37,產品37-18,2016-06-01T14:39:19,FEMALE,38.0,廣告_ikip_POD,S,200601,L_CBY_03191
604,white,740.0,370.0,系列37,產品37-12,2016-06-01T14:39:19,FEMALE,38.0,廣告_ikip_POD,L,200601,L_CBY_03191
605,white,679.0,334.0,系列37,產品37-19,2016-06-01T14:39:19,FEMALE,38.0,廣告_ikip_POD,F,200601,L_CBY_03191
606,trigrayblack,1119.0,470.0,系列1,產品1-11,2016-02-07T19:33:56,FEMALE,28.0,廣告_自然流量,M,171117,L_CBY_04919
607,black,1045.0,816.0,系列1,產品1-6,2016-02-07T19:33:56,FEMALE,28.0,廣告_自然流量,L,171117,L_CBY_04919
608,creamywhite,1135.0,610.0,系列2,產品2-13,2017-11-22T02:23:41,FEMALE,28.0,廣告_KDP_D,L,382581,L_CBY_04919
609,creamywhite,1135.0,610.0,系列2,產品2-7,2017-11-22T02:23:41,FEMALE,28.0,廣告_KDP_D,M,382581,L_CBY_04919
610,,1135.0,380.0,系列1,產品1-35,2018-09-15T15:49:58,FEMALE,28.0,廣告_B2KMP_D,無,474360,L_CBY_04919
611,,971.0,679.0,系列2,產品2-35,2019-02-06T16:33:07,FEMALE,28.0,廣告_KDMK_D,無,530142,L_CBY_04919
612,,971.0,383.0,系列14,產品14-132,2019-04-07T08:27:02,FEMALE,28.0,廣告_KDMP_C,M,547485,L_CBY_04919
613,black,985.0,433.0,系列14,產品14-3,2019-04-07T08:27:02,FEMALE,28.0,廣告_KDMP_C,M,547485,L_CBY_04919
614,,1300.0,776.0,系列32,產品32-163,2019-04-07T08:27:02,FEMALE,28.0,廣告_KDMP_C,L,547485,L_CBY_04919
615,,1135.0,378.0,系列14,產品14-135,2019-04-29T14:03:58,FEMALE,28.0,廣告_KDMP_D,M,556884,L_CBY_04919
616,,1629.0,689.0,系列1,產品1-35,2019-09-21T08:35:01,FEMALE,28.0,廣告_KBDG_MP,無,596622,L_CBY_04919
617,irontrigray,821.0,419.0,系列12,產品12-12,2017-03-14T14:27:27,FEMALE,28.0,廣告_KDP_D,M,279912,L_CBY_02087
618,black,821.0,419.0,系列26,產品26-12,2017-03-14T14:27:27,FEMALE,28.0,廣告_KDP_D,M,279912,L_CBY_02087
619,white,821.0,367.0,系列26,產品26-18,2017-03-14T14:27:27,FEMALE,28.0,廣告_KDP_D,L,279912,L_CBY_02087
620,black,821.0,419.0,系列22,產品22-12,2017-03-14T14:27:27,FEMALE,28.0,廣告_KDP_D,L,279912,L_CBY_02087
621,white,656.0,370.0,系列1,產品1-3,2016-08-09T13:01:35,FEMALE,28.0,廣告_KDPOD_select,M,223326,L_CBY_02890
622,white,656.0,370.0,系列12,產品12-12,2016-08-09T13:01:35,FEMALE,28.0,廣告_KDPOD_select,S,223326,L_CBY_02890
623,white,656.0,370.0,系列12,產品12-12,2016-08-09T13:01:35,FEMALE,28.0,廣告_KDPOD_select,XL,223326,L_CBY_02890
624,white,656.0,370.0,系列12,產品12-12,2016-08-09T13:01:35,FEMALE,28.0,廣告_KDPOD_select,XXL,223326,L_CBY_02890
625,,946.0,538.0,系列7,產品7-37,2017-02-08T09:03:54,FEMALE,36.0,廣告_critei_critei,45cm,270546,L_CBY_02761
626,,1150.0,538.0,系列7,產品7-37,2017-02-08T09:03:54,FEMALE,36.0,廣告_critei_critei,45cm,270546,L_CBY_02761
627,navyblue,855.0,419.0,系列5,產品5-3,2016-07-14T06:22:44,FEMALE,40.0,廣告_critei_critei,XXL,213975,L_CBY_03289
628,babypink,855.0,419.0,系列5,產品5-3,2016-07-14T06:22:44,FEMALE,40.0,廣告_critei_critei,S,213975,L_CBY_03289
629,,1267.0,651.0,系列5,產品5-43,2016-07-14T06:22:44,FEMALE,40.0,廣告_critei_critei,F,213975,L_CBY_03289
630,navyblue,855.0,419.0,系列5,產品5-3,2016-07-14T06:22:44,FEMALE,40.0,廣告_critei_critei,S,213975,L_CBY_03289
631,,1267.0,651.0,系列17,產品17-43,2016-07-14T06:22:44,FEMALE,40.0,廣告_critei_critei,F,213975,L_CBY_03289
632,irontrigray,855.0,419.0,系列44,產品44-3,2016-07-14T06:22:44,FEMALE,40.0,廣告_critei_critei,XXL,213975,L_CBY_03289
633,tiffanygreen,855.0,419.0,系列44,產品44-3,2016-07-14T06:22:44,FEMALE,40.0,廣告_critei_critei,S,213975,L_CBY_03289
634,,492.0,263.0,系列17,產品17-27,2017-04-17T01:08:46,FEMALE,40.0,廣告_critei_critei,無,293460,L_CBY_03289
635,babyblue,1105.0,419.0,系列37,產品37-3,2017-04-17T01:08:46,FEMALE,40.0,廣告_critei_critei,S,293460,L_CBY_03289
636,tiffanygreen,821.0,419.0,系列5,產品5-3,2017-04-17T01:12:05,FEMALE,40.0,廣告_critei_critei,S,293466,L_CBY_03289
637,hamred,1028.0,419.0,系列5,產品5-3,2017-04-17T01:12:05,FEMALE,40.0,廣告_critei_critei,S,293466,L_CBY_03289
638,babypink,1028.0,419.0,系列5,產品5-3,2017-04-17T01:12:05,FEMALE,40.0,廣告_critei_critei,S,293466,L_CBY_03289
639,hamred,1028.0,419.0,系列5,產品5-3,2017-04-17T01:50:44,FEMALE,40.0,廣告_critei_critei,S,293478,L_CBY_03289
640,hamred,1028.0,419.0,系列44,產品44-3,2017-04-17T01:50:44,FEMALE,40.0,廣告_critei_critei,S,293478,L_CBY_03289
641,irontrigray,821.0,419.0,系列67,產品67-3,2017-04-17T01:50:44,FEMALE,40.0,廣告_critei_critei,S,293478,L_CBY_03289
642,lemonyellow,1028.0,426.0,系列5,產品5-3,2017-10-11T05:42:46,FEMALE,40.0,廣告_自然流量,S,372312,L_CBY_03289
643,purple,1028.0,426.0,系列5,產品5-3,2017-10-11T05:42:46,FEMALE,40.0,廣告_自然流量,S,372312,L_CBY_03289
644,purple,1028.0,426.0,系列5,產品5-3,2017-10-11T05:42:46,FEMALE,40.0,廣告_自然流量,S,372312,L_CBY_03289
645,lemonyellow,1028.0,426.0,系列17,產品17-3,2017-10-11T05:42:46,FEMALE,40.0,廣告_自然流量,S,372312,L_CBY_03289
646,armygreen,1028.0,443.0,系列17,產品17-3,2017-10-11T05:42:46,FEMALE,40.0,廣告_自然流量,S,372312,L_CBY_03289
647,armygreen,1028.0,443.0,系列17,產品17-3,2017-10-11T05:42:46,FEMALE,40.0,廣告_自然流量,S,372312,L_CBY_03289
648,lemonyellow,975.0,426.0,系列5,產品5-3,2017-10-25T17:20:04,FEMALE,40.0,廣告_qdwit_pid,XS,376383,L_CBY_03289
649,navyblue,975.0,439.0,系列5,產品5-12,2017-10-25T17:20:04,FEMALE,40.0,廣告_qdwit_pid,XS,376383,L_CBY_03289
650,skyblue,975.0,424.0,系列17,產品17-3,2017-10-25T17:20:04,FEMALE,40.0,廣告_qdwit_pid,XS,376383,L_CBY_03289
651,lemonyellow,975.0,426.0,系列17,產品17-3,2017-10-25T17:32:13,FEMALE,40.0,廣告_qdwit_pid,XS,376386,L_CBY_03289
652,babypink,975.0,424.0,系列165,產品165-29,2017-10-25T17:32:13,FEMALE,40.0,廣告_qdwit_pid,M,376386,L_CBY_03289
653,armygreen,975.0,431.0,系列165,產品165-29,2017-10-25T17:32:13,FEMALE,40.0,廣告_qdwit_pid,M,376386,L_CBY_03289
654,gray,1135.0,661.0,系列4,產品4-7,2018-01-05T04:13:39,FEMALE,40.0,廣告_critei_critei,S,393744,L_CBY_03289
655,creamywhite,1135.0,610.0,系列76,產品76-7,2018-01-05T04:13:39,FEMALE,40.0,廣告_critei_critei,S,393744,L_CBY_03289
656,babypink,1313.0,679.0,系列5,產品5-34,2018-01-05T04:44:03,FEMALE,40.0,廣告_critei_critei,XS,393750,L_CBY_03289
657,navy,1313.0,696.0,系列5,產品5-34,2018-01-05T04:44:03,FEMALE,40.0,廣告_critei_critei,XS,393750,L_CBY_03289
658,gray,1135.0,661.0,系列177,產品177-7,2018-01-05T04:44:03,FEMALE,40.0,廣告_critei_critei,S,393750,L_CBY_03289
659,purple,1028.0,423.0,系列5,產品5-3,2018-05-13T16:31:22,FEMALE,40.0,廣告_qdwit_pid,S,435486,L_CBY_03289
660,purple,1028.0,423.0,系列5,產品5-3,2018-05-13T16:31:22,FEMALE,40.0,廣告_qdwit_pid,S,435486,L_CBY_03289
661,skyblue,985.0,433.0,系列17,產品17-3,2019-08-29T02:53:34,FEMALE,40.0,廣告_qdwit_pid,S,590559,L_CBY_03289
662,tiffanygreen,492.0,308.0,系列17,產品17-15,2019-08-29T02:53:34,FEMALE,40.0,廣告_qdwit_pid,110,590559,L_CBY_03289
663,skyblue,985.0,433.0,系列17,產品17-3,2019-08-29T02:53:34,FEMALE,40.0,廣告_qdwit_pid,L,590559,L_CBY_03289
664,gray,908.0,816.0,系列44,產品44-6,2016-03-17T20:58:41,FEMALE,32.0,廣告_ikip_POD,L,179628,L_CBY_01137
665,black,908.0,816.0,系列179,產品179-6,2016-03-17T20:58:41,FEMALE,32.0,廣告_ikip_POD,L,179628,L_CBY_01137
666,gray,865.0,419.0,系列44,產品44-3,2016-06-11T20:09:05,FEMALE,32.0,廣告_自然流量,L,204492,L_CBY_01137
667,tiffanygreen,865.0,419.0,系列1,產品1-3,2016-06-11T20:09:05,FEMALE,32.0,廣告_自然流量,L,204492,L_CBY_01137
668,black,821.0,456.0,系列28,產品28-22,2017-04-23T20:24:06,FEMALE,32.0,廣告_B2KP_D,XL,295632,L_CBY_01137
669,navyblue,1105.0,436.0,系列21,產品21-3,2017-04-23T20:24:06,FEMALE,32.0,廣告_B2KP_D,XL,295632,L_CBY_01137
670,gray,910.0,416.0,系列4,產品4-3,2016-04-04T05:02:11,FEMALE,28.0,廣告_ikip_POD,L,183279,L_CBY_01626
671,white,780.0,367.0,系列19,產品19-3,2016-04-04T05:02:11,FEMALE,28.0,廣告_ikip_POD,XS,183279,L_CBY_01626
672,gray,910.0,416.0,系列19,產品19-12,2016-04-04T05:02:11,FEMALE,28.0,廣告_ikip_POD,M,183279,L_CBY_01626
673,gray,910.0,416.0,系列4,產品4-3,2016-04-18T04:57:25,FEMALE,28.0,廣告_critei_critei,M,187203,L_CBY_01626
674,gray,910.0,416.0,系列19,產品19-12,2016-04-18T04:57:25,FEMALE,28.0,廣告_critei_critei,S,187203,L_CBY_01626
675,gray,883.0,418.0,系列5,產品5-18,2017-02-21T08:26:51,FEMALE,28.0,廣告_KDP_p,S,273672,L_CBY_03057
676,white,706.0,367.0,系列138,產品138-18,2017-02-21T08:26:51,FEMALE,28.0,廣告_KDP_p,S,273672,L_CBY_03057
677,white,822.0,367.0,系列16,產品16-18,2017-02-21T08:26:51,FEMALE,28.0,廣告_KDP_p,S,273672,L_CBY_03057
678,gray,1028.0,419.0,系列5,產品5-3,2017-03-12T06:56:12,FEMALE,28.0,廣告_自然流量,S,279198,L_CBY_03057
679,white,821.0,370.0,系列16,產品16-12,2017-03-12T06:56:12,FEMALE,28.0,廣告_自然流量,M,279198,L_CBY_03057
680,white,821.0,367.0,系列16,產品16-18,2017-03-12T06:56:12,FEMALE,28.0,廣告_自然流量,S,279198,L_CBY_03057
681,gray,821.0,456.0,系列5,產品5-22,2017-03-19T02:32:47,FEMALE,28.0,廣告_critei_critei,S,281580,L_CBY_03057
682,white,656.0,423.0,系列23,產品23-22,2017-03-19T02:32:47,FEMALE,28.0,廣告_critei_critei,S,281580,L_CBY_03057
683,,477.0,311.0,系列8,產品8-35,2019-01-25T08:02:28,FEMALE,38.0,廣告_KDMP_D,無,526878,L_CBY_01338
684,jeanblue,985.0,433.0,系列14,產品14-12,2019-01-25T08:02:28,FEMALE,38.0,廣告_KDMP_D,M,526878,L_CBY_01338
685,black,985.0,433.0,系列14,產品14-12,2019-01-25T08:02:28,FEMALE,38.0,廣告_KDMP_D,M,526878,L_CBY_01338
686,,1629.0,546.0,系列14,產品14-133,2019-01-25T08:02:28,FEMALE,38.0,廣告_KDMP_D,M,526878,L_CBY_01338
687,black,985.0,433.0,系列14,產品14-12,2019-01-25T08:02:28,FEMALE,38.0,廣告_KDMP_D,L,526878,L_CBY_01338
688,,985.0,383.0,系列14,產品14-132,2019-01-25T08:02:28,FEMALE,38.0,廣告_KDMP_D,L,526878,L_CBY_01338
689,,163.0,31.0,系列30,產品30-35,2018-01-26T14:40:20,FEMALE,26.0,廣告_B2KP_D,無,398049,L_CBY_02678
690,white,821.0,370.0,系列115,產品115-3,2017-06-07T15:55:10,FEMALE,26.0,廣告_KDP_C,M,315690,L_CBY_00262
691,white,821.0,370.0,系列6,產品6-3,2017-06-07T15:55:10,FEMALE,26.0,廣告_KDP_C,M,315690,L_CBY_00262
692,white,821.0,370.0,系列81,產品81-3,2017-06-07T15:55:10,FEMALE,26.0,廣告_KDP_C,M,315690,L_CBY_00262
693,burgundy,1734.0,839.0,系列1,產品1-6,2017-12-18T15:08:43,,,廣告_自然流量,S,390225,L_CBY_03940
694,white,405.0,245.0,系列51,產品51-15,2016-02-25T14:59:47,FEMALE,36.0,廣告_ikip_POD,90,175080,L_CBY_04953
695,hamred,602.0,543.0,系列19,產品19-10,2016-02-25T14:59:47,FEMALE,36.0,廣告_ikip_POD,90,175080,L_CBY_04953
696,gray,602.0,543.0,系列226,產品226-10,2016-02-25T14:59:47,FEMALE,36.0,廣告_ikip_POD,90,175080,L_CBY_04953
697,tiffanygreen,484.0,291.0,系列245,產品245-15,2016-02-25T14:59:47,FEMALE,36.0,廣告_ikip_POD,90,175080,L_CBY_04953
698,white,788.0,373.0,系列245,產品245-3,2018-08-15T15:38:07,FEMALE,36.0,廣告_自然流量,S,465498,L_CBY_04953
699,gray,985.0,443.0,系列245,產品245-12,2018-08-15T15:38:07,FEMALE,36.0,廣告_自然流量,3XL,465498,L_CBY_04953
700,white,410.0,250.0,系列245,產品245-15,2018-08-15T15:38:07,FEMALE,36.0,廣告_自然流量,110,465498,L_CBY_04953
701,white,780.0,367.0,系列51,產品51-12,2016-04-18T07:31:49,FEMALE,26.0,廣告_critei_critei,XS,187254,L_CBY_00572
702,gray,910.0,416.0,系列51,產品51-12,2016-04-18T07:31:49,FEMALE,26.0,廣告_critei_critei,XS,187254,L_CBY_00572
703,gray,910.0,416.0,系列51,產品51-12,2016-04-18T07:31:49,FEMALE,26.0,廣告_critei_critei,S,187254,L_CBY_00572
704,white,780.0,367.0,系列51,產品51-12,2016-04-18T07:31:49,FEMALE,26.0,廣告_critei_critei,S,187254,L_CBY_00572
705,white,780.0,367.0,系列51,產品51-12,2016-04-18T07:31:49,FEMALE,26.0,廣告_critei_critei,M,187254,L_CBY_00572
706,babyblue,910.0,416.0,系列51,產品51-12,2016-04-18T07:31:49,FEMALE,26.0,廣告_critei_critei,L,187254,L_CBY_00572
707,lemonyellow,910.0,416.0,系列51,產品51-12,2016-04-18T07:31:49,FEMALE,26.0,廣告_critei_critei,M,187254,L_CBY_00572
708,tiffanygreen,910.0,416.0,系列51,產品51-12,2016-04-18T07:31:49,FEMALE,26.0,廣告_critei_critei,M,187254,L_CBY_00572
709,gray,910.0,416.0,系列51,產品51-12,2016-04-18T07:31:49,FEMALE,26.0,廣告_critei_critei,XL,187254,L_CBY_00572
710,gray,910.0,416.0,系列10,產品10-3,2016-04-18T07:31:49,FEMALE,26.0,廣告_critei_critei,M,187254,L_CBY_00572
711,babyblue,910.0,416.0,系列140,產品140-12,2016-04-18T07:31:49,FEMALE,26.0,廣告_critei_critei,XL,187254,L_CBY_00572
712,black,979.0,419.0,系列51,產品51-12,2016-05-10T09:09:49,FEMALE,26.0,廣告_qdwit_pid,M,192957,L_CBY_00572
713,babyblue,979.0,419.0,系列51,產品51-12,2016-05-10T09:09:49,FEMALE,26.0,廣告_qdwit_pid,XL,192957,L_CBY_00572
714,black,819.0,418.0,系列36,產品36-18,2016-05-29T02:58:42,FEMALE,30.0,廣告_ikip_tqiwqc01,M,199389,L_CBY_04168
715,white,780.0,370.0,系列70,產品70-3,2016-05-29T02:58:42,FEMALE,30.0,廣告_ikip_tqiwqc01,S,199389,L_CBY_04168
716,black,910.0,419.0,系列64,產品64-12,2016-05-29T02:58:42,FEMALE,30.0,廣告_ikip_tqiwqc01,L,199389,L_CBY_04168
717,tiffanygreen,865.0,419.0,系列80,產品80-12,2016-06-11T11:05:37,,38.0,廣告_qdwit_pid,XL,204267,L_CBY_01915
718,tiffanygreen,865.0,418.0,系列80,產品80-18,2016-06-11T11:05:37,,38.0,廣告_qdwit_pid,M,204267,L_CBY_01915
719,irontrigray,897.0,419.0,系列23,產品23-3,2016-12-31T15:51:04,,38.0,廣告_KDPOD_select,M,261126,L_CBY_01915
720,white,740.0,370.0,系列23,產品23-12,2016-12-31T15:51:04,,38.0,廣告_KDPOD_select,XL,261126,L_CBY_01915
721,navyblue,897.0,419.0,系列23,產品23-3,2016-12-31T15:51:04,,38.0,廣告_KDPOD_select,M,261126,L_CBY_01915
722,gray,897.0,418.0,系列80,產品80-18,2016-12-31T15:51:04,,38.0,廣告_KDPOD_select,M,261126,L_CBY_01915
723,white,883.0,387.0,系列21,產品21-12,2017-06-04T08:14:36,,38.0,廣告_edmP_D,XL,313803,L_CBY_01915
724,white,883.0,367.0,系列21,產品21-29,2017-06-04T08:14:36,,38.0,廣告_edmP_D,M,313803,L_CBY_01915
725,white,883.0,377.0,系列78,產品78-3,2017-09-13T13:20:05,,38.0,廣告_KDP_D,M,357372,L_CBY_01915
726,white,883.0,393.0,系列78,產品78-12,2017-09-13T13:20:05,,38.0,廣告_KDP_D,XL,357372,L_CBY_01915
727,gray,1135.0,661.0,系列2,產品2-7,2018-02-09T16:02:25,FEMALE,32.0,廣告_edmP_,L,405177,L_CBY_04793
728,creamywhite,1135.0,610.0,系列2,產品2-7,2018-02-09T16:02:25,FEMALE,32.0,廣告_edmP_,L,405177,L_CBY_04793
729,irontrigray,821.0,426.0,系列21,產品21-3,2018-06-27T04:06:48,FEMALE,32.0,廣告_自然流量,M,444990,L_CBY_04793
730,,971.0,344.0,系列2,產品2-111,2018-06-27T04:06:48,FEMALE,32.0,廣告_自然流量,M,444990,L_CBY_04793
731,,477.0,140.0,系列4,產品4-2,2019-07-15T01:10:52,,,廣告_KBDG_MK,無,578445,L_CBY_04945
732,,296.0,209.0,系列8,產品8-35,2019-07-15T01:10:52,,,廣告_KBDG_MK,無,578445,L_CBY_04945
733,babypink,905.0,679.0,系列8,產品8-87,2018-01-26T14:38:58,FEMALE,26.0,廣告_edmP_D,L,398046,L_CBY_04665
734,creamywhite,1148.0,630.0,系列21,產品21-34,2018-01-26T14:38:58,FEMALE,26.0,廣告_edmP_D,L,398046,L_CBY_04665
735,white,656.0,377.0,系列12,產品12-12,2017-08-29T08:27:24,,,廣告_KDP_D,M,351663,L_CBY_01349
736,whitetrigray,985.0,447.0,系列11,產品11-14,2017-09-02T14:08:20,,,廣告_自然流量,M,353511,L_CBY_01349
737,creamywhitejeanblue,1137.0,480.0,系列11,產品11-14,2017-09-02T14:08:20,,,廣告_自然流量,M,353511,L_CBY_01349
738,white,821.0,377.0,系列11,產品11-12,2017-09-02T14:08:20,,,廣告_自然流量,M,353511,L_CBY_01349
739,creamywhiteburgundy,1137.0,480.0,系列11,產品11-14,2017-09-02T14:08:20,,,廣告_自然流量,M,353511,L_CBY_01349
740,white,821.0,370.0,系列3,產品3-12,2017-03-29T07:27:04,,,廣告_B2KP_D,L,286353,L_CBY_01423
741,white,821.0,367.0,系列3,產品3-18,2017-03-29T07:27:04,,,廣告_B2KP_D,M,286353,L_CBY_01423
742,creamywhiteburgundy,985.0,498.0,系列3,產品3-11,2017-03-29T07:27:04,,,廣告_B2KP_D,S,286353,L_CBY_01423
743,black,1028.0,419.0,系列3,產品3-12,2017-03-29T07:27:04,,,廣告_B2KP_D,L,286353,L_CBY_01423
744,trigrayblack,985.0,470.0,系列6,產品6-11,2016-11-30T17:00:03,FEMALE,28.0,廣告_KDPOD_select,XL,252441,L_CBY_03050
745,creamywhiteburgundy,985.0,498.0,系列6,產品6-11,2016-11-30T17:00:03,FEMALE,28.0,廣告_KDPOD_select,S,252441,L_CBY_03050
746,white,768.0,367.0,系列122,產品122-18,2016-05-16T15:46:58,FEMALE,28.0,廣告_自然流量,S,194814,L_CBY_04511
747,white,768.0,367.0,系列9,產品9-18,2016-05-16T15:46:58,FEMALE,28.0,廣告_自然流量,S,194814,L_CBY_04511
748,white,768.0,367.0,系列67,產品67-18,2016-05-16T15:46:58,FEMALE,28.0,廣告_自然流量,S,194814,L_CBY_04511
749,white,768.0,367.0,系列251,產品251-18,2016-05-16T15:46:58,FEMALE,28.0,廣告_自然流量,S,194814,L_CBY_04511
750,creamywhiteburgundy,985.0,498.0,系列9,產品9-11,2017-01-31T08:04:58,FEMALE,28.0,廣告_自然流量,S,267606,L_CBY_04511
751,creamywhiteburgundy,985.0,498.0,系列140,產品140-11,2017-01-31T08:04:58,FEMALE,28.0,廣告_自然流量,S,267606,L_CBY_04511
752,,1173.0,474.0,系列2,產品2-91,2017-09-26T15:48:15,FEMALE,28.0,廣告_KDP_D,S,365172,L_CBY_04511
753,white,883.0,375.0,系列2,產品2-29,2017-09-26T15:48:15,FEMALE,28.0,廣告_KDP_D,M,365172,L_CBY_04511
754,jeanblue,1105.0,443.0,系列53,產品53-12,2018-02-09T09:16:03,FEMALE,26.0,廣告_自然流量,2XL,405078,L_CBY_00272
755,,1777.0,905.0,系列2,產品2-35,2018-02-09T09:16:03,FEMALE,26.0,廣告_自然流量,無,405078,L_CBY_00272
756,white,656.0,377.0,系列31,產品31-12,2017-08-11T16:18:14,,38.0,廣告_edmP_D,S,344019,L_CBY_00671
757,creamywhitejeanblue,1137.0,480.0,系列70,產品70-11,2017-08-11T16:18:14,,38.0,廣告_edmP_D,M,344019,L_CBY_00671
758,navyblue,1028.0,443.0,系列70,產品70-3,2017-08-11T16:18:14,,38.0,廣告_edmP_D,M,344019,L_CBY_00671
759,tiffanygreen,910.0,419.0,系列36,產品36-12,2016-05-21T07:03:49,MALE,30.0,廣告_ikip_tqiwqc01,M,196314,L_CBY_00179
760,navyblue,910.0,419.0,系列70,產品70-12,2016-05-21T07:03:49,MALE,30.0,廣告_ikip_tqiwqc01,M,196314,L_CBY_00179
761,,559.0,275.0,系列478,產品478-27,2016-10-28T15:38:17,FEMALE,30.0,廣告_自然流量,無,245547,L_CBY_02543
762,babypink,971.0,472.0,系列28,產品28-30,2018-04-18T12:30:54,FEMALE,28.0,廣告_KDP_P,L,426546,L_CBY_00716
763,white,806.0,421.0,系列2,產品2-30,2018-04-18T12:30:54,FEMALE,28.0,廣告_KDP_P,L,426546,L_CBY_00716
764,,492.0,263.0,系列7,產品7-27,2017-04-15T11:29:23,FEMALE,32.0,廣告_B2KP_D,無,292845,L_CBY_02499
765,,592.0,306.0,系列129,產品129-16,2017-04-15T11:29:23,FEMALE,32.0,廣告_B2KP_D,無,292845,L_CBY_02499
766,,59.0,33.0,系列3,產品3-83,2017-04-15T11:29:23,FEMALE,32.0,廣告_B2KP_D,無,292845,L_CBY_02499
767,,456.0,211.0,系列317,產品317-38,2016-07-25T17:14:20,FEMALE,38.0,廣告_critei_critei,無,218208,L_CBY_00522
768,,456.0,211.0,系列725,產品725-38,2016-07-25T17:14:20,FEMALE,38.0,廣告_critei_critei,無,218208,L_CBY_00522
769,white,839.0,370.0,系列151,產品151-3,2016-05-10T12:47:17,FEMALE,30.0,廣告_自然流量,S,193032,L_CBY_01473
770,white,839.0,370.0,系列406,產品406-3,2016-05-10T12:47:17,FEMALE,30.0,廣告_自然流量,S,193032,L_CBY_01473
771,watermelonred,1105.0,418.0,系列5,產品5-18,2017-05-01T08:46:44,FEMALE,34.0,廣告_KDP_D,M,298392,L_CBY_00419
772,gray,1105.0,419.0,系列21,產品21-3,2017-05-01T08:46:44,FEMALE,34.0,廣告_KDP_D,M,298392,L_CBY_00419
773,white,1061.0,383.0,系列100,產品100-3,2018-09-29T00:47:09,FEMALE,34.0,廣告_KDP_P,M,478086,L_CBY_00419
774,,689.0,299.0,系列100,產品100-16,2018-09-29T00:47:09,FEMALE,34.0,廣告_KDP_P,無,478086,L_CBY_00419
775,creamywhite,887.0,676.0,系列4,產品4-7,2016-01-13T09:32:27,FEMALE,30.0,廣告_自然流量,S,163158,L_CBY_01414
776,creamywhite,887.0,676.0,系列10,產品10-7,2016-01-13T09:32:27,FEMALE,30.0,廣告_自然流量,S,163158,L_CBY_01414
777,gray,910.0,419.0,系列10,產品10-3,2016-05-18T02:12:40,FEMALE,30.0,廣告_critei_critei,S,195201,L_CBY_01414
778,white,780.0,370.0,系列135,產品135-3,2016-05-18T02:12:40,FEMALE,30.0,廣告_critei_critei,S,195201,L_CBY_01414
779,white,821.0,370.0,系列7,產品7-3,2016-07-11T05:57:01,FEMALE,30.0,廣告_critei_critei,S,213423,L_CBY_01414
780,white,821.0,370.0,系列51,產品51-3,2016-07-11T05:57:01,FEMALE,30.0,廣告_critei_critei,S,213423,L_CBY_01414
781,white,821.0,378.0,系列5,產品5-19,2016-07-11T05:57:01,FEMALE,30.0,廣告_critei_critei,F,213423,L_CBY_01414
782,watermelonred,855.0,419.0,系列37,產品37-3,2016-07-11T05:57:01,FEMALE,30.0,廣告_critei_critei,S,213423,L_CBY_01414
783,navyblue,855.0,419.0,系列31,產品31-12,2016-07-11T05:57:01,FEMALE,30.0,廣告_critei_critei,XXL,213423,L_CBY_01414
784,white,821.0,370.0,系列67,產品67-3,2016-07-11T05:57:01,FEMALE,30.0,廣告_critei_critei,S,213423,L_CBY_01414
785,white,821.0,367.0,系列254,產品254-18,2016-07-11T05:57:01,FEMALE,30.0,廣告_critei_critei,S,213423,L_CBY_01414
786,black,893.0,419.0,系列31,產品31-12,2016-09-27T16:25:11,FEMALE,30.0,廣告_自然流量,XXL,237381,L_CBY_01414
787,navyblue,684.0,418.0,系列180,產品180-18,2016-09-27T16:25:11,FEMALE,30.0,廣告_自然流量,M,237381,L_CBY_01414
788,white,568.0,367.0,系列41,產品41-18,2016-09-27T16:25:11,FEMALE,30.0,廣告_自然流量,M,237381,L_CBY_01414
789,irontrigray,1610.0,824.0,系列270,產品270-9,2017-12-16T14:16:23,FEMALE,30.0,廣告_critei_critei,L,389586,L_CBY_01414
790,burgundy,1610.0,839.0,系列105,產品105-9,2017-12-16T14:16:23,FEMALE,30.0,廣告_critei_critei,L,389586,L_CBY_01414
791,irontrigray,1610.0,824.0,系列270,產品270-9,2017-12-16T14:20:59,FEMALE,30.0,廣告_critei_critei,S,389595,L_CBY_01414
792,burgundy,1610.0,839.0,系列105,產品105-6,2017-12-16T14:20:59,FEMALE,30.0,廣告_critei_critei,S,389595,L_CBY_01414
793,armygreen,790.0,424.0,系列10,產品10-29,2018-10-14T12:08:27,FEMALE,30.0,廣告_edmP_C,M,484239,L_CBY_01414
794,white,656.0,383.0,系列5,產品5-29,2018-10-14T12:08:27,FEMALE,30.0,廣告_edmP_C,M,484239,L_CBY_01414
795,navyblue,865.0,418.0,系列9,產品9-18,2016-06-03T10:32:03,FEMALE,24.0,廣告_自然流量,XS,201351,L_CBY_00562
796,navyblue,865.0,419.0,系列9,產品9-12,2016-06-03T10:32:03,FEMALE,24.0,廣告_自然流量,L,201351,L_CBY_00562
797,,2384.0,1727.0,系列8,產品8-36,2018-08-04T09:47:16,FEMALE,26.0,廣告_自然流量,無,461784,L_CBY_03991
798,,164.0,115.0,系列30,產品30-35,2017-01-01T14:21:58,,,廣告_自然流量,無,261411,L_CBY_00115
799,,329.0,191.0,系列25,產品25-35,2017-10-22T17:59:02,FEMALE,24.0,廣告_KDM_M,無,375525,L_CBY_00633
800,,329.0,191.0,系列25,產品25-35,2017-10-22T17:59:02,FEMALE,24.0,廣告_KDM_M,無,375525,L_CBY_00633
801,watermelonred,1105.0,418.0,系列24,產品24-18,2017-05-27T23:28:23,FEMALE,32.0,廣告_critei_critei,S,309360,L_CBY_04124
802,tiffanygreen,821.0,418.0,系列24,產品24-29,2017-05-27T23:28:23,FEMALE,32.0,廣告_critei_critei,M,309360,L_CBY_04124
803,tiffanygreen,1105.0,436.0,系列26,產品26-12,2017-05-28T00:02:56,FEMALE,32.0,廣告_自然流量,XL,309369,L_CBY_04124
804,hamred,1105.0,418.0,系列26,產品26-29,2017-05-28T00:02:56,FEMALE,32.0,廣告_自然流量,S,309369,L_CBY_04124
805,white,788.0,380.0,系列55,產品55-3,2018-08-30T15:17:05,FEMALE,24.0,廣告_KDP_D,L,470199,L_CBY_03469
806,white,821.0,380.0,系列55,產品55-29,2018-08-30T15:17:05,FEMALE,24.0,廣告_KDP_D,S,470199,L_CBY_03469
807,white,821.0,424.0,系列28,產品28-30,2017-07-30T06:31:12,FEMALE,30.0,廣告_自然流量,F,338985,L_CBY_01004
808,trigrayblack,1137.0,480.0,系列21,產品21-11,2017-07-30T06:31:12,FEMALE,30.0,廣告_自然流量,S,338985,L_CBY_01004
809,white,821.0,377.0,系列11,產品11-3,2017-07-30T06:31:12,FEMALE,30.0,廣告_自然流量,S,338985,L_CBY_01004
810,babypink,893.0,419.0,系列22,產品22-12,2016-12-05T15:29:26,FEMALE,26.0,廣告_KDPOD_select,M,253641,L_CBY_02725
811,trigrayblack,985.0,470.0,系列6,產品6-11,2016-12-05T15:29:26,FEMALE,26.0,廣告_KDPOD_select,S,253641,L_CBY_02725
812,white,656.0,383.0,系列7,產品7-29,2018-10-19T10:55:23,,,廣告_KDP_C,L,485877,L_CBY_02136
813,white,656.0,383.0,系列101,產品101-29,2018-10-19T10:55:23,,,廣告_KDP_C,L,485877,L_CBY_02136
814,white,656.0,383.0,系列113,產品113-29,2018-10-19T10:55:23,,,廣告_KDP_C,L,485877,L_CBY_02136
815,white,656.0,383.0,系列343,產品343-29,2018-10-19T10:55:23,,,廣告_KDP_C,L,485877,L_CBY_02136
816,white,821.0,424.0,系列9,產品9-30,2017-08-07T11:12:46,FEMALE,32.0,廣告_KDP_D,F,342348,L_CBY_03398
817,babypink,924.0,475.0,系列66,產品66-30,2017-08-07T11:12:46,FEMALE,32.0,廣告_KDP_D,F,342348,L_CBY_03398
818,navyblue,1105.0,459.0,系列112,產品112-3,2017-09-21T09:29:58,FEMALE,32.0,廣告_KDP_P,XL,360051,L_CBY_03398
819,white,883.0,393.0,系列112,產品112-3,2017-09-21T09:29:58,FEMALE,32.0,廣告_KDP_P,XL,360051,L_CBY_03398
820,,656.0,345.0,系列8,產品8-35,2019-02-15T05:03:11,FEMALE,26.0,廣告_KDMK_D,無,533235,L_CBY_01629
821,white,883.0,375.0,系列28,產品28-18,2017-07-30T03:41:05,FEMALE,26.0,廣告_ikip_iqcdirqkip,L,338877,L_CBY_02751
822,white,883.0,375.0,系列28,產品28-18,2017-07-30T03:41:05,FEMALE,26.0,廣告_ikip_iqcdirqkip,L,338877,L_CBY_02751
823,black,1045.0,816.0,系列36,產品36-6,2016-01-22T07:50:14,,34.0,廣告_ikip_pid,S,165984,L_CBY_02787
824,black,1045.0,816.0,系列50,產品50-9,2016-01-22T07:50:14,,34.0,廣告_ikip_pid,L,165984,L_CBY_02787
825,navyblue,686.0,419.0,系列4,產品4-3,2016-08-01T12:35:28,FEMALE,50.0,廣告_自然流量,XL,220755,L_CBY_03041
826,babypink,870.0,419.0,系列4,產品4-3,2016-08-01T12:35:28,FEMALE,50.0,廣告_自然流量,S,220755,L_CBY_03041
827,white,832.0,367.0,系列4,產品4-18,2016-08-01T12:35:28,FEMALE,50.0,廣告_自然流量,S,220755,L_CBY_03041
828,,428.0,217.0,系列152,產品152-38,2016-12-16T04:18:42,,34.0,廣告_自然流量,無,256440,L_CBY_04392
829,,428.0,217.0,系列152,產品152-38,2016-12-16T04:18:42,,34.0,廣告_自然流量,無,256440,L_CBY_04392
830,,428.0,217.0,系列278,產品278-38,2016-12-16T04:18:42,,34.0,廣告_自然流量,無,256440,L_CBY_04392
831,,428.0,217.0,系列278,產品278-38,2016-12-16T04:18:42,,34.0,廣告_自然流量,無,256440,L_CBY_04392
832,gray,966.0,416.0,系列47,產品47-18,2016-03-25T16:30:01,FEMALE,32.0,廣告_qdwit_pid,S,181461,L_CBY_02896
833,,742.0,337.0,系列47,產品47-4,2016-03-25T16:30:01,FEMALE,32.0,廣告_qdwit_pid,無,181461,L_CBY_02896
834,white,568.0,367.0,系列7,產品7-18,2016-09-15T14:53:48,FEMALE,30.0,廣告_KDPOD_qrtist,L,233838,L_CBY_02375
835,white,568.0,367.0,系列65,產品65-18,2016-09-15T14:53:48,FEMALE,30.0,廣告_KDPOD_qrtist,L,233838,L_CBY_02375
836,white,568.0,367.0,系列222,產品222-18,2016-09-15T14:53:48,FEMALE,30.0,廣告_KDPOD_qrtist,M,233838,L_CBY_02375
837,white,780.0,375.0,系列9,產品9-29,2017-10-20T16:00:15,FEMALE,28.0,廣告_critei_critei,M,374616,L_CBY_04445
838,babypink,975.0,426.0,系列11,產品11-12,2017-10-20T16:00:15,FEMALE,28.0,廣告_critei_critei,M,374616,L_CBY_04445
839,lemonyellow,821.0,418.0,系列7,產品7-29,2017-07-04T12:45:19,FEMALE,30.0,廣告_B2KP_D,S,327906,L_CBY_01233
840,navyblue,821.0,418.0,系列1,產品1-29,2017-07-04T12:45:19,FEMALE,30.0,廣告_B2KP_D,S,327906,L_CBY_01233
841,creamywhiteburgundy,985.0,498.0,系列5,產品5-11,2016-12-08T04:36:50,FEMALE,24.0,廣告_B2KPOD_select,S,254385,L_CBY_04822
842,creamywhite,1135.0,686.0,系列28,產品28-7,2016-12-08T04:36:50,FEMALE,24.0,廣告_B2KPOD_select,M,254385,L_CBY_04822
843,navyblue,901.0,475.0,系列28,產品28-30,2018-09-20T15:32:20,,,廣告_自然流量,M,475869,L_CBY_02894
844,gray,985.0,433.0,系列198,產品198-12,2018-09-20T15:32:20,,,廣告_自然流量,M,475869,L_CBY_02894
845,irontrigray,865.0,419.0,系列80,產品80-3,2016-06-05T14:05:17,FEMALE,32.0,廣告_B2K_jqejqe,XXL,202362,L_CBY_02058
846,watermelonred,865.0,419.0,系列80,產品80-3,2016-06-05T14:05:17,FEMALE,32.0,廣告_B2K_jqejqe,XL,202362,L_CBY_02058
847,,1461.0,1234.0,系列8,產品8-35,2019-01-25T14:51:06,FEMALE,32.0,廣告_自然流量,無,527061,L_CBY_02058
848,,1461.0,1234.0,系列8,產品8-35,2019-01-30T08:01:32,FEMALE,32.0,廣告_自然流量,無,528255,L_CBY_02058
849,black,985.0,424.0,系列215,產品215-29,2019-05-19T16:11:17,FEMALE,30.0,廣告_自然流量,L,562317,L_CBY_03200
850,white,821.0,383.0,系列97,產品97-29,2019-05-19T16:11:17,FEMALE,30.0,廣告_自然流量,L,562317,L_CBY_03200
851,whitetrigray,865.0,441.0,系列17,產品17-11,2016-08-17T14:34:42,FEMALE,28.0,廣告_KDPOD_qrtist,M,225882,L_CBY_01050
852,trigrayblack,936.0,470.0,系列1,產品1-11,2016-08-17T14:34:42,FEMALE,28.0,廣告_KDPOD_qrtist,M,225882,L_CBY_01050
853,creamywhitejeanblue,936.0,489.0,系列33,產品33-11,2016-08-17T14:34:42,FEMALE,28.0,廣告_KDPOD_qrtist,M,225882,L_CBY_01050
854,watermelonred,793.0,418.0,系列33,產品33-18,2016-08-17T14:34:42,FEMALE,28.0,廣告_KDPOD_qrtist,L,225882,L_CBY_01050
855,jeanblue,530.0,308.0,系列20,產品20-15,2019-09-30T17:35:42,MALE,38.0,廣告_B2KDG_P,90,607935,L_CBY_03746
856,hamred,530.0,308.0,系列20,產品20-15,2019-09-30T17:35:42,MALE,38.0,廣告_B2KDG_P,80,607935,L_CBY_03746
857,black,893.0,419.0,系列255,產品255-3,2016-09-21T14:44:14,FEMALE,32.0,廣告_critei_critei,S,235872,L_CBY_02335
858,black,893.0,419.0,系列255,產品255-12,2016-09-21T14:44:14,FEMALE,32.0,廣告_critei_critei,M,235872,L_CBY_02335
859,,469.0,199.0,系列255,產品255-2,2016-09-21T14:44:14,FEMALE,32.0,廣告_critei_critei,無,235872,L_CBY_02335
860,creamywhite,887.0,676.0,系列19,產品19-7,2016-02-20T05:10:05,,,廣告_自然流量,L,173586,L_CBY_03488
861,tiffanygreen,602.0,543.0,系列19,產品19-10,2016-02-20T05:10:05,,,廣告_自然流量,90,173586,L_CBY_03488
862,creamywhite,887.0,676.0,系列19,產品19-7,2016-02-20T05:10:05,,,廣告_自然流量,S,173586,L_CBY_03488
863,babypink,1028.0,419.0,系列63,產品63-3,2017-04-17T04:43:33,,,廣告_自然流量,M,293520,L_CBY_03488
864,babyblue,1028.0,419.0,系列63,產品63-12,2017-04-17T04:43:33,,,廣告_自然流量,L,293520,L_CBY_03488
865,tiffanygreen,492.0,291.0,系列84,產品84-15,2017-04-17T04:43:33,,,廣告_自然流量,80,293520,L_CBY_03488
866,white,492.0,245.0,系列84,產品84-15,2017-04-17T04:43:33,,,廣告_自然流量,90,293520,L_CBY_03488
867,whitetrigray,910.0,441.0,系列4,產品4-14,2016-03-23T13:52:12,FEMALE,28.0,廣告_ikip_licelywird,M,181077,L_CBY_02748
868,watermelonred,979.0,416.0,系列4,產品4-12,2016-03-23T13:52:12,FEMALE,28.0,廣告_ikip_licelywird,M,181077,L_CBY_02748
869,trigrayblack,1040.0,470.0,系列17,產品17-14,2016-03-23T13:52:12,FEMALE,28.0,廣告_ikip_licelywird,L,181077,L_CBY_02748
870,gray,865.0,419.0,系列4,產品4-12,2016-06-23T13:23:09,FEMALE,28.0,廣告_B2KPOD_qrtist,M,208590,L_CBY_02748
871,white,822.0,370.0,系列116,產品116-12,2016-06-23T13:23:09,FEMALE,28.0,廣告_B2KPOD_qrtist,L,208590,L_CBY_02748
872,gray,865.0,419.0,系列116,產品116-3,2016-06-23T13:23:09,FEMALE,28.0,廣告_B2KPOD_qrtist,S,208590,L_CBY_02748
873,,1152.0,635.0,系列7,產品7-5,2016-07-20T11:16:37,FEMALE,28.0,廣告_自然流量,無,215841,L_CBY_02748
874,gray,860.0,419.0,系列31,產品31-12,2016-07-20T11:16:37,FEMALE,28.0,廣告_自然流量,M,215841,L_CBY_02748
875,irontrigray,860.0,419.0,系列66,產品66-12,2016-07-20T11:16:37,FEMALE,28.0,廣告_自然流量,M,215841,L_CBY_02748
876,white,821.0,370.0,系列175,產品175-12,2016-07-20T11:16:37,FEMALE,28.0,廣告_自然流量,L,215841,L_CBY_02748
877,tiffanygreen,860.0,419.0,系列175,產品175-12,2016-07-20T11:16:37,FEMALE,28.0,廣告_自然流量,L,215841,L_CBY_02748
878,black,860.0,419.0,系列175,產品175-12,2016-07-20T11:16:37,FEMALE,28.0,廣告_自然流量,L,215841,L_CBY_02748
879,babypink,860.0,419.0,系列175,產品175-3,2016-07-20T11:16:37,FEMALE,28.0,廣告_自然流量,M,215841,L_CBY_02748
880,babyblue,860.0,419.0,系列7,產品7-12,2016-07-20T11:20:49,FEMALE,28.0,廣告_自然流量,L,215853,L_CBY_02748
881,navyblue,860.0,419.0,系列7,產品7-3,2016-07-20T11:20:49,FEMALE,28.0,廣告_自然流量,M,215853,L_CBY_02748
882,white,821.0,370.0,系列7,產品7-12,2016-07-20T11:20:49,FEMALE,28.0,廣告_自然流量,L,215853,L_CBY_02748
883,whitetrigray,900.0,441.0,系列7,產品7-11,2016-08-07T13:27:55,FEMALE,28.0,廣告_自然流量,S,222630,L_CBY_02748
884,navyblue,905.0,419.0,系列7,產品7-3,2016-08-07T13:27:55,FEMALE,28.0,廣告_自然流量,S,222630,L_CBY_02748
885,tiffanygreen,985.0,433.0,系列42,產品42-12,2018-10-11T14:24:12,FEMALE,28.0,廣告_自然流量,M,483585,L_CBY_02748
886,tiffanygreen,410.0,308.0,系列42,產品42-15,2018-10-11T14:24:12,FEMALE,28.0,廣告_自然流量,80,483585,L_CBY_02748
887,white,985.0,401.0,系列1,產品1-12,2019-10-25T09:27:53,FEMALE,28.0,廣告_自然流量,2XL,631605,L_CBY_02748
888,irontrigray,985.0,451.0,系列1,產品1-12,2019-10-25T09:27:53,FEMALE,28.0,廣告_自然流量,XL,631605,L_CBY_02748
889,black,985.0,451.0,系列14,產品14-12,2019-10-25T09:27:53,FEMALE,28.0,廣告_自然流量,XL,631605,L_CBY_02748
890,,586.0,313.0,系列17,產品17-16,2016-05-14T15:07:01,FEMALE,38.0,廣告_ikip_POD,無,194199,L_CBY_04495
891,gray,898.0,418.0,系列17,產品17-18,2016-05-14T15:07:01,FEMALE,38.0,廣告_ikip_POD,S,194199,L_CBY_04495
892,navyblue,898.0,418.0,系列210,產品210-18,2016-05-14T15:07:01,FEMALE,38.0,廣告_ikip_POD,S,194199,L_CBY_04495
893,,586.0,313.0,系列37,產品37-16,2016-05-14T15:07:01,FEMALE,38.0,廣告_ikip_POD,無,194199,L_CBY_04495
894,white,768.0,367.0,系列276,產品276-18,2016-05-14T15:07:01,FEMALE,38.0,廣告_ikip_POD,S,194199,L_CBY_04495
895,babypink,923.0,475.0,系列15,產品15-30,2017-09-05T11:35:11,FEMALE,40.0,廣告_KDP_D,F,354483,L_CBY_02611
896,navyblue,893.0,419.0,系列56,產品56-12,2016-10-11T08:11:27,FEMALE,28.0,廣告_critei_critei,M,241626,L_CBY_01661
897,white,656.0,370.0,系列59,產品59-12,2016-10-11T08:11:27,FEMALE,28.0,廣告_critei_critei,M,241626,L_CBY_01661
898,white,656.0,370.0,系列59,產品59-12,2016-10-11T08:11:27,FEMALE,28.0,廣告_critei_critei,M,241626,L_CBY_01661
899,,985.0,635.0,系列51,產品51-5,2016-12-29T13:17:15,,,廣告_自然流量,無,260532,L_CBY_01114
900,,1448.0,905.0,系列2,產品2-35,2018-03-29T01:04:43,,,廣告_GINEP_P,無,417576,L_CBY_01114
901,tiffanygreen,821.0,419.0,系列19,產品19-12,2016-06-12T13:50:56,FEMALE,36.0,廣告_KDPOD_select,XL,204846,L_CBY_03103
902,watermelonred,821.0,419.0,系列19,產品19-3,2016-06-12T13:50:56,FEMALE,36.0,廣告_KDPOD_select,XL,204846,L_CBY_03103
903,tiffanygreen,492.0,291.0,系列19,產品19-15,2016-06-12T13:50:56,FEMALE,36.0,廣告_KDPOD_select,130,204846,L_CBY_03103
904,watermelonred,492.0,291.0,系列19,產品19-15,2016-06-12T13:50:56,FEMALE,36.0,廣告_KDPOD_select,110,204846,L_CBY_03103
905,white,780.0,367.0,系列28,產品28-3,2016-04-02T08:29:46,FEMALE,32.0,廣告_qdwit_pid,S,182829,L_CBY_04650
906,white,492.0,245.0,系列28,產品28-15,2016-04-02T08:29:46,FEMALE,32.0,廣告_qdwit_pid,130,182829,L_CBY_04650
907,,1405.0,729.0,系列28,產品28-39,2016-04-02T08:29:46,FEMALE,32.0,廣告_qdwit_pid,iPhone 6+,182829,L_CBY_04650
908,,819.0,415.0,系列28,產品28-37,2016-04-02T08:29:46,FEMALE,32.0,廣告_qdwit_pid,35cm,182829,L_CBY_04650
909,creamywhite,1300.0,686.0,系列28,產品28-7,2016-12-14T16:56:11,FEMALE,32.0,廣告_B2KPOD_select,S,256164,L_CBY_04650
910,eggyellow,971.0,548.0,系列415,產品415-10,2016-12-14T16:56:11,FEMALE,32.0,廣告_B2KPOD_select,130,256164,L_CBY_04650
911,,245.0,163.0,系列8,產品8-35,2016-12-22T22:22:25,FEMALE,32.0,廣告_自然流量,無,257682,L_CBY_04650
912,,245.0,163.0,系列8,產品8-35,2016-12-22T22:22:25,FEMALE,32.0,廣告_自然流量,無,257682,L_CBY_04650
913,,245.0,163.0,系列8,產品8-35,2016-12-22T22:22:25,FEMALE,32.0,廣告_自然流量,無,257682,L_CBY_04650
914,,245.0,163.0,系列8,產品8-35,2016-12-22T22:22:25,FEMALE,32.0,廣告_自然流量,無,257682,L_CBY_04650
915,,245.0,163.0,系列8,產品8-35,2016-12-22T22:22:25,FEMALE,32.0,廣告_自然流量,無,257682,L_CBY_04650
916,,245.0,163.0,系列8,產品8-35,2016-12-22T22:22:25,FEMALE,32.0,廣告_自然流量,無,257682,L_CBY_04650
917,gray,985.0,426.0,系列5,產品5-12,2018-06-30T07:05:25,FEMALE,38.0,廣告_自然流量,L,446994,L_CBY_03636
918,red,985.0,431.0,系列5,產品5-29,2018-06-30T07:05:25,FEMALE,38.0,廣告_自然流量,L,446994,L_CBY_03636
919,white,411.0,245.0,系列5,產品5-15,2016-09-23T02:41:15,,,廣告_critei_critei,110,236100,L_CBY_03386
920,white,411.0,245.0,系列5,產品5-15,2016-09-23T02:41:15,,,廣告_critei_critei,130,236100,L_CBY_03386
921,white,411.0,245.0,系列5,產品5-15,2016-09-23T02:49:10,,,廣告_critei_critei,110,236106,L_CBY_03386
922,white,411.0,245.0,系列5,產品5-15,2016-09-23T02:49:10,,,廣告_critei_critei,130,236106,L_CBY_03386
923,white,568.0,367.0,系列5,產品5-18,2016-09-23T04:15:11,,,廣告_critei_critei,S,236124,L_CBY_03386
924,white,568.0,367.0,系列5,產品5-18,2016-09-23T04:15:11,,,廣告_critei_critei,M,236124,L_CBY_03386
925,white,568.0,367.0,系列5,產品5-18,2016-09-23T04:15:11,,,廣告_critei_critei,L,236124,L_CBY_03386
926,white,740.0,370.0,系列5,產品5-3,2016-09-23T04:15:11,,,廣告_critei_critei,XXL,236124,L_CBY_03386
927,,1629.0,773.0,系列3,產品3-94,2018-11-15T06:14:36,FEMALE,28.0,廣告_B2KMP_P,M,496572,L_CBY_01336
928,navyblue,985.0,433.0,系列40,產品40-12,2019-04-21T03:25:19,FEMALE,28.0,廣告_B2KDG_P,L,553158,L_CBY_01336
929,gray,985.0,433.0,系列40,產品40-3,2019-04-21T03:25:19,FEMALE,28.0,廣告_B2KDG_P,M,553158,L_CBY_01336
930,white,760.0,370.0,系列86,產品86-3,2016-09-17T15:15:46,MALE,30.0,廣告_ikip_pid,M,234810,L_CBY_02008
931,gray,916.0,419.0,系列86,產品86-12,2016-09-17T15:15:46,MALE,30.0,廣告_ikip_pid,M,234810,L_CBY_02008
932,creamywhite,878.0,785.0,系列135,產品135-6,2016-03-11T07:59:29,FEMALE,24.0,廣告_自然流量,M,177948,L_CBY_02576
933,creamywhite,878.0,785.0,系列194,產品194-6,2016-03-11T07:59:29,FEMALE,24.0,廣告_自然流量,XS,177948,L_CBY_02576
934,black,908.0,816.0,系列194,產品194-6,2016-03-11T07:59:29,FEMALE,24.0,廣告_自然流量,XS,177948,L_CBY_02576
935,black,908.0,816.0,系列194,產品194-6,2016-03-11T07:59:29,FEMALE,24.0,廣告_自然流量,L,177948,L_CBY_02576
936,black,908.0,816.0,系列194,產品194-6,2016-03-11T07:59:29,FEMALE,24.0,廣告_自然流量,S,177948,L_CBY_02576
937,black,908.0,816.0,系列194,產品194-6,2016-03-11T07:59:29,FEMALE,24.0,廣告_自然流量,M,177948,L_CBY_02576
938,black,898.0,416.0,系列5,產品5-18,2016-04-04T01:01:57,FEMALE,36.0,廣告_自然流量,M,183237,L_CBY_00689
939,white,492.0,245.0,系列23,產品23-15,2016-04-04T01:01:57,FEMALE,36.0,廣告_自然流量,90,183237,L_CBY_00689
940,white,780.0,367.0,系列37,產品37-3,2016-04-04T01:01:57,FEMALE,36.0,廣告_自然流量,M,183237,L_CBY_00689
941,white,492.0,245.0,系列37,產品37-15,2016-04-04T01:01:57,FEMALE,36.0,廣告_自然流量,90,183237,L_CBY_00689
942,white,780.0,367.0,系列9,產品9-3,2016-04-04T01:01:57,FEMALE,36.0,廣告_自然流量,L,183237,L_CBY_00689
943,white,492.0,245.0,系列67,產品67-15,2016-04-04T01:01:57,FEMALE,36.0,廣告_自然流量,90,183237,L_CBY_00689
944,white,768.0,367.0,系列222,產品222-18,2016-04-04T01:01:57,FEMALE,36.0,廣告_自然流量,M,183237,L_CBY_00689
945,white,492.0,250.0,系列5,產品5-15,2017-09-28T05:50:08,FEMALE,36.0,廣告_KDP_D,90,365832,L_CBY_00689
946,white,821.0,393.0,系列5,產品5-3,2017-09-28T05:50:08,FEMALE,36.0,廣告_KDP_D,XL,365832,L_CBY_00689
947,white,492.0,250.0,系列19,產品19-15,2017-09-28T05:50:08,FEMALE,36.0,廣告_KDP_D,90,365832,L_CBY_00689
948,tiffanygreen,656.0,316.0,系列481,產品481-21,2017-09-28T05:50:08,FEMALE,36.0,廣告_KDP_D,90,365832,L_CBY_00689
949,babypink,1028.0,443.0,系列2,產品2-3,2017-09-28T05:50:08,FEMALE,36.0,廣告_KDP_D,XL,365832,L_CBY_00689
950,white,905.0,373.0,系列10,產品10-12,2018-06-15T04:58:25,FEMALE,36.0,廣告_KDP_D,L,442662,L_CBY_00689
951,white,410.0,250.0,系列10,產品10-15,2018-06-15T04:58:25,FEMALE,36.0,廣告_KDP_D,80,442662,L_CBY_00689
952,white,410.0,250.0,系列10,產品10-15,2018-06-15T04:58:25,FEMALE,36.0,廣告_KDP_D,80,442662,L_CBY_00689
953,white,410.0,250.0,系列10,產品10-15,2018-06-15T04:58:25,FEMALE,36.0,廣告_KDP_D,80,442662,L_CBY_00689
954,white,410.0,250.0,系列10,產品10-15,2018-06-15T04:58:25,FEMALE,36.0,廣告_KDP_D,110,442662,L_CBY_00689
955,white,410.0,250.0,系列10,產品10-15,2018-06-15T04:58:25,FEMALE,36.0,廣告_KDP_D,110,442662,L_CBY_00689
956,white,821.0,403.0,系列10,產品10-18,2018-06-15T04:58:25,FEMALE,36.0,廣告_KDP_D,M,442662,L_CBY_00689
957,lemonyellow,410.0,298.0,系列23,產品23-15,2018-06-15T04:58:25,FEMALE,36.0,廣告_KDP_D,80,442662,L_CBY_00689
958,lemonyellow,410.0,298.0,系列23,產品23-15,2018-06-15T04:58:25,FEMALE,36.0,廣告_KDP_D,110,442662,L_CBY_00689
959,white,821.0,403.0,系列2,產品2-18,2018-06-15T04:58:25,FEMALE,36.0,廣告_KDP_D,M,442662,L_CBY_00689
960,white,985.0,401.0,系列10,產品10-12,2018-09-17T08:27:55,FEMALE,36.0,廣告_KDMK_P,2XL,474684,L_CBY_00689
961,black,985.0,433.0,系列10,產品10-12,2018-09-17T08:27:55,FEMALE,36.0,廣告_KDMK_P,L,474684,L_CBY_00689
962,gray,901.0,484.0,系列10,產品10-30,2018-09-17T08:27:55,FEMALE,36.0,廣告_KDMK_P,M,474684,L_CBY_00689
963,white,985.0,383.0,系列10,產品10-12,2018-09-17T08:27:55,FEMALE,36.0,廣告_KDMK_P,L,474684,L_CBY_00689
964,white,985.0,383.0,系列10,產品10-12,2018-09-17T08:27:55,FEMALE,36.0,廣告_KDMK_P,L,474684,L_CBY_00689
965,white,410.0,262.0,系列160,產品160-15,2018-09-17T08:27:55,FEMALE,36.0,廣告_KDMK_P,90,474684,L_CBY_00689
966,white,410.0,262.0,系列41,產品41-15,2018-09-17T08:27:55,FEMALE,36.0,廣告_KDMK_P,130,474684,L_CBY_00689
967,,971.0,337.0,系列2,產品2-101,2018-09-17T08:27:55,FEMALE,36.0,廣告_KDMK_P,M,474684,L_CBY_00689
968,,971.0,470.0,系列2,產品2-106,2018-09-17T08:27:55,FEMALE,36.0,廣告_KDMK_P,M,474684,L_CBY_00689
969,white,985.0,383.0,系列2,產品2-3,2018-09-17T08:27:55,FEMALE,36.0,廣告_KDMK_P,L,474684,L_CBY_00689
970,babypink,985.0,433.0,系列2,產品2-18,2018-09-17T08:27:55,FEMALE,36.0,廣告_KDMK_P,L,474684,L_CBY_00689
971,white,985.0,383.0,系列2,產品2-3,2018-09-17T08:27:55,FEMALE,36.0,廣告_KDMK_P,L,474684,L_CBY_00689
972,white,985.0,383.0,系列2,產品2-3,2018-09-17T08:27:55,FEMALE,36.0,廣告_KDMK_P,L,474684,L_CBY_00689
973,,1464.0,1025.0,系列2,產品2-35,2018-09-17T08:27:55,FEMALE,36.0,廣告_KDMK_P,無,474684,L_CBY_00689
974,,642.0,449.0,系列2,產品2-35,2018-09-17T08:27:55,FEMALE,36.0,廣告_KDMK_P,無,474684,L_CBY_00689
975,,576.0,403.0,系列2,產品2-35,2018-09-17T08:27:55,FEMALE,36.0,廣告_KDMK_P,無,474684,L_CBY_00689
976,,576.0,403.0,系列2,產品2-35,2018-09-17T08:27:55,FEMALE,36.0,廣告_KDMK_P,無,474684,L_CBY_00689
977,irontrigray,893.0,419.0,系列7,產品7-3,2016-09-28T16:01:01,FEMALE,34.0,廣告_自然流量,S,238113,L_CBY_04906
978,gray,893.0,419.0,系列7,產品7-12,2016-09-28T16:01:01,FEMALE,34.0,廣告_自然流量,M,238113,L_CBY_04906
979,black,882.0,434.0,系列86,產品86-17,2016-09-28T16:01:01,FEMALE,34.0,廣告_自然流量,F,238113,L_CBY_04906
980,red,1398.0,814.0,系列7,產品7-24,2017-01-14T10:33:48,FEMALE,34.0,廣告_KDPOD_select,S,264195,L_CBY_03514
981,red,1398.0,814.0,系列7,產品7-25,2017-01-14T10:33:48,FEMALE,34.0,廣告_KDPOD_select,M,264195,L_CBY_03514
982,,58.0,51.0,系列8,產品8-83,2017-01-14T10:44:31,FEMALE,34.0,廣告_KDPOD_select,無,264201,L_CBY_03514
983,gray,1300.0,719.0,系列22,產品22-7,2017-01-14T10:44:31,FEMALE,34.0,廣告_KDPOD_select,M,264201,L_CBY_03514
984,gray,1300.0,719.0,系列22,產品22-13,2017-01-14T10:44:31,FEMALE,34.0,廣告_KDPOD_select,L,264201,L_CBY_03514
985,gray,1135.0,719.0,系列37,產品37-7,2017-01-30T23:43:59,FEMALE,34.0,廣告_自然流量,S,267519,L_CBY_03514
986,gray,1300.0,719.0,系列37,產品37-13,2017-01-30T23:43:59,FEMALE,34.0,廣告_自然流量,M,267519,L_CBY_03514
987,,1096.0,600.0,系列8,產品8-35,2018-01-31T05:39:25,FEMALE,34.0,廣告_GINEP_D,無,400599,L_CBY_03514
988,,1096.0,600.0,系列8,產品8-35,2018-01-31T05:39:25,FEMALE,34.0,廣告_GINEP_D,無,400599,L_CBY_03514
989,,1234.0,1152.0,系列25,產品25-36,2018-07-24T13:42:27,FEMALE,34.0,廣告_GINEP_P,無,456558,L_CBY_03514
990,,148.0,49.0,系列52,產品52-35,2018-07-24T13:42:27,FEMALE,34.0,廣告_GINEP_P,無,456558,L_CBY_03514
991,gray,1045.0,816.0,系列36,產品36-6,2016-01-21T06:13:30,FEMALE,32.0,廣告_ikip_pid,M,165222,L_CBY_03495
992,tiffanygreen,780.0,416.0,系列36,產品36-18,2016-01-21T06:13:30,FEMALE,32.0,廣告_ikip_pid,L,165222,L_CBY_03495
993,whitetrigray,832.0,441.0,系列70,產品70-11,2016-01-21T06:13:30,FEMALE,32.0,廣告_ikip_pid,M,165222,L_CBY_03495
994,trigrayblack,885.0,470.0,系列97,產品97-11,2016-01-21T06:13:30,FEMALE,32.0,廣告_ikip_pid,M,165222,L_CBY_03495
995,,469.0,199.0,系列4,產品4-2,2016-09-18T18:49:08,FEMALE,32.0,廣告_critei_critei,無,235320,L_CBY_03495
996,jeanblue,684.0,418.0,系列44,產品44-18,2016-09-18T18:49:08,FEMALE,32.0,廣告_critei_critei,L,235320,L_CBY_03495
997,babyblue,684.0,418.0,系列222,產品222-18,2016-09-18T18:49:08,FEMALE,32.0,廣告_critei_critei,L,235320,L_CBY_03495
998,white,568.0,367.0,系列66,產品66-18,2016-09-18T18:49:08,FEMALE,32.0,廣告_critei_critei,L,235320,L_CBY_03495
999,babypink,684.0,418.0,系列66,產品66-18,2016-09-18T18:49:08,FEMALE,32.0,廣告_critei_critei,L,235320,L_CBY_03495
